time,ax,ay,az
2021-03-04 17:29:03.2400,-0.25,0.25,-0.17
2021-03-04 17:29:03.2510,-0.17,0.05,-0.08
2021-03-04 17:29:03.2610,-0.02,0.01,0.03
2021-03-04 17:29:03.2710,0.02,-0.09,0.08
2021-03-04 17:29:03.2800,0.01,-0.17,0.06
2021-03-04 17:29:03.2980,0.02,-0.15,0.01
2021-03-04 17:29:03.3000,0.02,-0.14,0.02
2021-03-04 17:29:03.3100,0.05,-0.15,0.08
2021-03-04 17:29:03.3200,0.04,-0.13,0.07
2021-03-04 17:29:03.3300,-0.01,-0.1,0.02
2021-03-04 17:29:03.3400,-0.1,-0.01,-0.02
2021-03-04 17:29:03.3510,-0.16,0.09,-0.02
2021-03-04 17:29:03.3600,-0.15,0.12,-0.01
2021-03-04 17:29:03.3700,-0.11,0.13,0.01
2021-03-04 17:29:03.3800,-0.06,0.08,0.01
2021-03-04 17:29:03.3950,-0.01,0.05,0.01
2021-03-04 17:29:03.3990,0.04,0.07,0
2021-03-04 17:29:03.4090,0.05,0.08,-0.07
2021-03-04 17:29:03.4190,0.03,0.06,-0.12
2021-03-04 17:29:03.4290,0.03,0.03,-0.1
2021-03-04 17:29:03.4390,0.04,0,-0.09
2021-03-04 17:29:03.4490,0.07,-0.03,-0.07
2021-03-04 17:29:03.4600,0.11,-0.07,-0.06
2021-03-04 17:29:03.4700,0.08,-0.1,-0.07
2021-03-04 17:29:03.4790,0.03,-0.09,-0.09
2021-03-04 17:29:03.4990,0.04,-0.04,-0.13
2021-03-04 17:29:03.5020,0.09,0.02,-0.16
2021-03-04 17:29:03.5090,0.14,0.06,-0.17
2021-03-04 17:29:03.5180,0.12,0.03,-0.17
2021-03-04 17:29:03.5290,0.09,0,-0.15
2021-03-04 17:29:03.5380,0.09,0.02,-0.15
2021-03-04 17:29:03.5490,-0.01,0.01,-0.19
2021-03-04 17:29:03.5590,-0.08,-0.06,-0.2
2021-03-04 17:29:03.5690,-0.07,-0.03,-0.13
2021-03-04 17:29:03.5780,-0.18,0.37,-0.17
2021-03-04 17:29:03.5970,-0.01,0.64,-0.3
2021-03-04 17:29:03.6000,0.28,0.43,-0.29
2021-03-04 17:29:03.6080,0.4,0.32,-0.2
2021-03-04 17:29:03.6180,0.39,0.29,-0.22
2021-03-04 17:29:03.6280,0.26,0.3,-0.23
2021-03-04 17:29:03.6380,0.16,0.16,-0.2
2021-03-04 17:29:03.6480,0.16,-0.05,-0.15
2021-03-04 17:29:03.6590,0.21,-0.14,-0.07
2021-03-04 17:29:03.6690,0.24,-0.18,0.04
2021-03-04 17:29:03.6780,0.25,-0.22,0.12
2021-03-04 17:29:03.6960,0.25,-0.21,0.12
2021-03-04 17:29:03.6980,0.18,-0.14,0.03
2021-03-04 17:29:03.7070,0.07,-0.07,-0.06
2021-03-04 17:29:03.7170,-0.02,-0.07,-0.1
2021-03-04 17:29:03.7270,-0.07,-0.12,-0.1
2021-03-04 17:29:03.7370,0,-0.17,-0.11
2021-03-04 17:29:03.7480,0.16,-0.13,-0.13
2021-03-04 17:29:03.7580,0.32,-0.04,-0.16
2021-03-04 17:29:03.7680,0.41,0.02,-0.19
2021-03-04 17:29:03.7770,0.45,0.1,-0.2
2021-03-04 17:29:03.7970,0.43,0.13,-0.25
2021-03-04 17:29:03.7990,0.29,0.09,-0.3
2021-03-04 17:29:03.8070,0.12,0.09,-0.3
2021-03-04 17:29:03.8170,-0.02,0.01,-0.29
2021-03-04 17:29:03.8270,-0.14,0.08,-0.21
2021-03-04 17:29:03.8370,-0.29,0.07,-0.18
2021-03-04 17:29:03.8480,-0.36,0.22,-0.11
2021-03-04 17:29:03.8570,-0.37,0.25,-0.11
2021-03-04 17:29:03.8670,-0.32,0.34,-0.15
2021-03-04 17:29:03.8770,-0.37,0.47,-0.22
2021-03-04 17:29:03.8960,-0.51,0.58,-0.18
2021-03-04 17:29:03.8980,-0.67,0.52,-0.09
2021-03-04 17:29:03.9060,-0.76,0.36,-0.03
2021-03-04 17:29:03.9160,-0.87,0.26,0.06
2021-03-04 17:29:03.9260,-0.95,0.22,0.22
2021-03-04 17:29:03.9360,-0.99,0.15,0.36
2021-03-04 17:29:03.9470,-0.91,0.04,0.42
2021-03-04 17:29:03.9560,-0.87,-0.05,0.42
2021-03-04 17:29:03.9660,-0.88,-0.1,0.38
2021-03-04 17:29:03.9760,-0.71,-0.17,0.28
2021-03-04 17:29:03.9950,-0.4,-0.19,0.2
2021-03-04 17:29:03.9980,-0.11,-0.19,0.23
2021-03-04 17:29:04.0060,0.23,-0.29,0.24
2021-03-04 17:29:04.0150,0.46,-0.37,0.25
2021-03-04 17:29:04.0250,0.61,-0.35,0.23
2021-03-04 17:29:04.0350,0.75,-0.3,0.18
2021-03-04 17:29:04.0460,0.82,-0.21,0.11
2021-03-04 17:29:04.0560,0.75,-0.09,0.05
2021-03-04 17:29:04.0650,0.56,-0.01,0.05
2021-03-04 17:29:04.0750,0.29,0.02,0.1
2021-03-04 17:29:04.0940,0.01,-0.01,0.21
2021-03-04 17:29:04.0970,-0.15,-0.02,0.26
2021-03-04 17:29:04.1050,-0.24,-0.03,0.27
2021-03-04 17:29:04.1150,-0.32,0.06,0.26
2021-03-04 17:29:04.1250,-0.35,0.13,0.23
2021-03-04 17:29:04.1340,-0.36,0.21,0.15
2021-03-04 17:29:04.1450,-0.33,0.21,0.01
2021-03-04 17:29:04.1550,-0.27,0.16,-0.12
2021-03-04 17:29:04.1640,-0.24,0.16,-0.17
2021-03-04 17:29:04.1750,-0.19,0.14,-0.13
2021-03-04 17:29:04.1930,-0.16,0.11,-0.08
2021-03-04 17:29:04.1950,-0.19,0.12,-0.02
2021-03-04 17:29:04.2040,-0.16,0.11,0.05
2021-03-04 17:29:04.2140,-0.05,0.03,0.2
2021-03-04 17:29:04.2240,0.17,-0.07,0.51
2021-03-04 17:29:04.2340,0.45,-0.18,0.68
2021-03-04 17:29:04.2440,0.76,-0.14,0.39
2021-03-04 17:29:04.2550,1.13,0.03,-0.31
2021-03-04 17:29:04.2640,1.33,0.31,-0.95
2021-03-04 17:29:04.2750,1.35,0.42,-1.22
2021-03-04 17:29:04.2940,1.26,0.3,-1.1
2021-03-04 17:29:04.2960,1.06,-0.07,-0.74
2021-03-04 17:29:04.3030,0.68,-0.45,-0.26
2021-03-04 17:29:04.3130,0.2,-0.58,0.02
2021-03-04 17:29:04.3230,-0.32,-0.47,0.06
2021-03-04 17:29:04.3330,-0.68,-0.18,0.09
2021-03-04 17:29:04.3430,-0.81,0.06,0.27
2021-03-04 17:29:04.3540,-0.83,0.18,0.36
2021-03-04 17:29:04.3630,-0.8,0.23,0.37
2021-03-04 17:29:04.3740,-0.67,0.22,0.27
2021-03-04 17:29:04.3910,-0.64,0.31,0.22
2021-03-04 17:29:04.3930,-0.61,0.37,0.18
2021-03-04 17:29:04.4020,-0.65,0.29,0.12
2021-03-04 17:29:04.4130,-0.62,0.09,0.06
2021-03-04 17:29:04.4230,-0.59,-0.13,0.04
2021-03-04 17:29:04.4330,-0.58,-0.29,0.03
2021-03-04 17:29:04.4420,-0.52,-0.35,0.09
2021-03-04 17:29:04.4530,-0.42,-0.24,0.19
2021-03-04 17:29:04.4620,-0.23,-0.07,0.19
2021-03-04 17:29:04.4730,0.04,0.1,0.01
2021-03-04 17:29:04.4910,0.24,0.25,-0.25
2021-03-04 17:29:04.4930,0.37,0.39,-0.45
2021-03-04 17:29:04.5020,0.45,0.45,-0.56
2021-03-04 17:29:04.5120,0.54,0.34,-0.58
2021-03-04 17:29:04.5220,0.6,0.13,-0.52
2021-03-04 17:29:04.5320,0.63,-0.08,-0.43
2021-03-04 17:29:04.5420,0.61,-0.25,-0.38
2021-03-04 17:29:04.5520,0.56,-0.39,-0.36
2021-03-04 17:29:04.5620,0.48,-0.39,-0.32
2021-03-04 17:29:04.5720,0.32,-0.26,-0.25
2021-03-04 17:29:04.5890,0.11,-0.08,-0.2
2021-03-04 17:29:04.5910,-0.07,0.16,-0.16
2021-03-04 17:29:04.6010,-0.18,0.41,-0.17
2021-03-04 17:29:04.6110,-0.21,0.57,-0.23
2021-03-04 17:29:04.6210,-0.19,0.64,-0.3
2021-03-04 17:29:04.6310,-0.18,0.67,-0.32
2021-03-04 17:29:04.6410,-0.14,0.56,-0.29
2021-03-04 17:29:04.6520,-0.17,0.37,-0.19
2021-03-04 17:29:04.6610,-0.17,0.1,-0.11
2021-03-04 17:29:04.6720,-0.07,-0.11,0.07
2021-03-04 17:29:04.6920,0.02,-0.2,0.21
2021-03-04 17:29:04.6940,0.09,-0.27,0.18
2021-03-04 17:29:04.7000,0.13,-0.25,0.07
2021-03-04 17:29:04.7110,0.14,-0.2,-0.06
2021-03-04 17:29:04.7210,0.15,-0.15,-0.12
2021-03-04 17:29:04.7300,0.16,-0.11,-0.12
2021-03-04 17:29:04.7400,0.16,-0.06,-0.08
2021-03-04 17:29:04.7520,0.15,0,-0.05
2021-03-04 17:29:04.7600,0.14,0.05,-0.04
2021-03-04 17:29:04.7710,0.15,0.11,0.02
2021-03-04 17:29:04.7900,0.18,0.08,0.09
2021-03-04 17:29:04.7920,0.15,-0.01,0.13
2021-03-04 17:29:04.8000,0.1,-0.07,0.15
2021-03-04 17:29:04.8100,0.03,-0.08,0.15
2021-03-04 17:29:04.8200,-0.04,-0.05,0.13
2021-03-04 17:29:04.8300,-0.12,0.02,0.12
2021-03-04 17:29:04.8400,-0.12,0.08,0.05
2021-03-04 17:29:04.8500,-0.05,0.09,-0.03
2021-03-04 17:29:04.8600,0.03,0.12,-0.07
2021-03-04 17:29:04.8710,0.07,0.14,-0.12
2021-03-04 17:29:04.8900,0.05,0.05,-0.13
2021-03-04 17:29:04.8920,-0.04,0.07,-0.08
2021-03-04 17:29:04.8990,-0.11,0.08,0.02
2021-03-04 17:29:04.9100,-0.22,-0.03,0.07
2021-03-04 17:29:04.9190,-0.35,-0.12,0.11
2021-03-04 17:29:04.9290,-0.38,-0.12,0.16
2021-03-04 17:29:04.9390,-0.34,0.01,0.25
2021-03-04 17:29:04.9490,-0.27,0.26,0.25
2021-03-04 17:29:04.9600,-0.22,0.63,0.23
2021-03-04 17:29:04.9700,-0.21,0.93,0.15
2021-03-04 17:29:04.9880,-0.29,0.45,-0.16
2021-03-04 17:29:04.9890,-0.18,-0.15,-0.21
2021-03-04 17:29:04.9990,-0.05,-0.41,-0.04
2021-03-04 17:29:05.0090,0.08,-0.6,-0.07
2021-03-04 17:29:05.0190,0.26,-0.63,-0.21
2021-03-04 17:29:05.0290,0.41,-0.46,-0.27
2021-03-04 17:29:05.0390,0.43,-0.26,-0.23
2021-03-04 17:29:05.0490,0.3,-0.11,-0.15
2021-03-04 17:29:05.0590,0.14,-0.01,-0.02
2021-03-04 17:29:05.0690,-0.01,0.15,0.12
2021-03-04 17:29:05.0870,-0.11,0.29,0.23
2021-03-04 17:29:05.0890,-0.17,0.37,0.21
2021-03-04 17:29:05.0980,-0.21,0.39,0.11
2021-03-04 17:29:05.1080,-0.24,0.31,0.03
2021-03-04 17:29:05.1180,-0.24,0.19,-0.03
2021-03-04 17:29:05.1280,-0.22,0.11,-0.07
2021-03-04 17:29:05.1380,-0.18,0.05,-0.1
2021-03-04 17:29:05.1490,-0.11,0.02,-0.11
2021-03-04 17:29:05.1580,-0.06,0.02,-0.15
2021-03-04 17:29:05.1680,0.03,-0.01,-0.12
2021-03-04 17:29:05.1860,0.11,-0.07,-0.06
2021-03-04 17:29:05.1880,0.13,-0.15,-0.02
2021-03-04 17:29:05.1970,0.09,-0.16,0.02
2021-03-04 17:29:05.2070,0.08,-0.15,0.05
2021-03-04 17:29:05.2170,0.03,-0.16,0.06
2021-03-04 17:29:05.2270,-0.04,-0.13,0.04
2021-03-04 17:29:05.2370,-0.08,-0.09,0.05
2021-03-04 17:29:05.2480,-0.11,-0.04,0.11
2021-03-04 17:29:05.2580,-0.09,0.01,0.16
2021-03-04 17:29:05.2670,-0.09,0.05,0.1
2021-03-04 17:29:05.2860,-0.09,0.08,0.03
2021-03-04 17:29:05.2880,-0.12,0.08,-0.03
2021-03-04 17:29:05.2960,-0.18,0.1,-0.02
2021-03-04 17:29:05.3070,-0.21,0.15,0.02
2021-03-04 17:29:05.3170,-0.19,0.13,0.04
2021-03-04 17:29:05.3270,-0.21,0.1,0.06
2021-03-04 17:29:05.3360,-0.23,0.05,0.08
2021-03-04 17:29:05.3470,-0.24,0,0.13
2021-03-04 17:29:05.3570,-0.28,-0.01,0.15
2021-03-04 17:29:05.3670,-0.32,-0.01,0.17
2021-03-04 17:29:05.3840,-0.38,0.02,0.16
2021-03-04 17:29:05.3860,-0.37,0.04,0.18
2021-03-04 17:29:05.3960,-0.36,0.04,0.15
2021-03-04 17:29:05.4060,-0.33,0.06,0.07
2021-03-04 17:29:05.4160,-0.29,0.09,0.01
2021-03-04 17:29:05.4260,-0.28,0.08,-0.09
2021-03-04 17:29:05.4360,-0.29,0.1,-0.15
2021-03-04 17:29:05.4460,-0.26,0.09,-0.14
2021-03-04 17:29:05.4570,-0.16,-0.01,-0.06
2021-03-04 17:29:05.4660,-0.06,0.11,0.07
2021-03-04 17:29:05.4820,0.09,0.11,0.16
2021-03-04 17:29:05.4850,0.16,0.04,0.11
2021-03-04 17:29:05.4950,0.23,0.02,0.05
2021-03-04 17:29:05.5050,0.25,-0.02,0
2021-03-04 17:29:05.5150,0.24,-0.06,0
2021-03-04 17:29:05.5250,0.26,-0.05,-0.01
2021-03-04 17:29:05.5350,0.26,-0.07,-0.04
2021-03-04 17:29:05.5450,0.25,-0.07,-0.06
2021-03-04 17:29:05.5560,0.26,-0.05,-0.1
2021-03-04 17:29:05.5650,0.25,0.02,-0.15
2021-03-04 17:29:05.5840,0.18,0.08,-0.12
2021-03-04 17:29:05.5870,0.12,0.09,-0.05
2021-03-04 17:29:05.5940,0.12,0.09,0
2021-03-04 17:29:05.6050,0.1,0.07,0
2021-03-04 17:29:05.6150,0.05,0.03,0
2021-03-04 17:29:05.6250,0.03,-0.01,-0.01
2021-03-04 17:29:05.6340,0.07,-0.04,-0.04
2021-03-04 17:29:05.6450,0.1,-0.09,-0.05
2021-03-04 17:29:05.6550,0.11,-0.1,-0.01
2021-03-04 17:29:05.6640,0.14,-0.09,0.03
2021-03-04 17:29:05.6820,0.14,-0.07,0.06
2021-03-04 17:29:05.6850,0.1,-0.04,0.11
2021-03-04 17:29:05.6940,0.1,0,0.18
2021-03-04 17:29:05.7040,0.11,0.02,0.22
2021-03-04 17:29:05.7140,0.16,0.02,0.27
2021-03-04 17:29:05.7240,0.22,0.03,0.31
2021-03-04 17:29:05.7350,0.27,0.02,0.28
2021-03-04 17:29:05.7440,0.32,-0.02,0.17
2021-03-04 17:29:05.7550,0.41,-0.09,0.05
2021-03-04 17:29:05.7640,0.4,-0.18,-0.05
2021-03-04 17:29:05.7840,0.32,-0.24,-0.17
2021-03-04 17:29:05.7860,0.27,-0.17,-0.25
2021-03-04 17:29:05.7930,0.28,-0.1,-0.29
2021-03-04 17:29:05.8030,0.21,-0.11,-0.23
2021-03-04 17:29:05.8130,0.15,-0.09,-0.22
2021-03-04 17:29:05.8230,0.21,0,-0.14
2021-03-04 17:29:05.8330,0.35,0.1,-0.04
2021-03-04 17:29:05.8440,0.39,0.24,-0.01
2021-03-04 17:29:05.8530,0.26,0.32,-0.03
2021-03-04 17:29:05.8630,0.14,0.31,-0.08
2021-03-04 17:29:05.8820,0.03,0.23,-0.14
2021-03-04 17:29:05.8840,-0.05,0.11,-0.17
2021-03-04 17:29:05.8920,-0.11,-0.01,-0.16
2021-03-04 17:29:05.9030,-0.08,-0.06,-0.12
2021-03-04 17:29:05.9130,0.02,-0.03,-0.08
2021-03-04 17:29:05.9230,0.12,0.04,-0.05
2021-03-04 17:29:05.9320,0.19,0.09,-0.02
2021-03-04 17:29:05.9430,0.22,0.07,-0.06
2021-03-04 17:29:05.9540,0.15,0.03,-0.12
2021-03-04 17:29:05.9620,0.07,0.02,-0.15
2021-03-04 17:29:05.9810,0,0.01,-0.14
2021-03-04 17:29:05.9830,-0.09,0.01,-0.1
2021-03-04 17:29:05.9920,-0.16,0.03,-0.09
2021-03-04 17:29:06.0020,-0.23,0.02,-0.05
2021-03-04 17:29:06.0120,-0.25,0.06,0
2021-03-04 17:29:06.0220,-0.29,0.07,0.03
2021-03-04 17:29:06.0320,-0.32,0.06,0.03
2021-03-04 17:29:06.0420,-0.34,0.05,0.05
2021-03-04 17:29:06.0520,-0.34,0.05,0.08
2021-03-04 17:29:06.0620,-0.31,0.03,0.09
2021-03-04 17:29:06.0810,-0.26,0.01,0.11
2021-03-04 17:29:06.0830,-0.26,-0.01,0.14
2021-03-04 17:29:06.0910,-0.26,-0.04,0.17
2021-03-04 17:29:06.1010,-0.26,-0.03,0.2
2021-03-04 17:29:06.1110,-0.25,-0.02,0.17
2021-03-04 17:29:06.1220,-0.22,-0.04,0.14
2021-03-04 17:29:06.1310,-0.2,-0.05,0.09
2021-03-04 17:29:06.1420,-0.18,-0.05,0.04
2021-03-04 17:29:06.1520,-0.15,-0.01,0.04
2021-03-04 17:29:06.1620,-0.13,0.04,0.05
2021-03-04 17:29:06.1800,-0.12,0.08,0.06
2021-03-04 17:29:06.1830,-0.13,0.09,0.09
2021-03-04 17:29:06.1900,-0.16,0.09,0.09
2021-03-04 17:29:06.2010,-0.17,0.05,0.07
2021-03-04 17:29:06.2110,-0.21,0.01,0.05
2021-03-04 17:29:06.2200,-0.21,0.01,0.04
2021-03-04 17:29:06.2310,-0.2,0.01,0.02
2021-03-04 17:29:06.2420,-0.19,0.02,0.02
2021-03-04 17:29:06.2520,-0.17,0.04,0
2021-03-04 17:29:06.2600,-0.11,0.07,-0.02
2021-03-04 17:29:06.2820,-0.08,0.09,-0.04
2021-03-04 17:29:06.2840,-0.06,0.09,-0.02
2021-03-04 17:29:06.2900,-0.06,0.1,-0.01
2021-03-04 17:29:06.3000,-0.04,0.11,-0.01
2021-03-04 17:29:06.3100,-0.03,0.11,-0.03
2021-03-04 17:29:06.3200,0,0.1,-0.02
2021-03-04 17:29:06.3300,0.01,0.07,-0.01
2021-03-04 17:29:06.3400,0.01,0.04,-0.01
2021-03-04 17:29:06.3510,0.05,0,0.04
2021-03-04 17:29:06.3600,0.1,-0.05,0.08
2021-03-04 17:29:06.3790,0.15,-0.11,0.1
2021-03-04 17:29:06.3810,0.19,-0.1,0.12
2021-03-04 17:29:06.3890,0.18,-0.04,0.08
2021-03-04 17:29:06.3990,0.14,0.04,0.01
2021-03-04 17:29:06.4090,0.1,0.08,-0.08
2021-03-04 17:29:06.4190,0.04,0.12,-0.12
2021-03-04 17:29:06.4300,0.02,0.12,-0.13
2021-03-04 17:29:06.4400,0.02,0.07,-0.11
2021-03-04 17:29:06.4490,0.02,-0.02,-0.05
2021-03-04 17:29:06.4590,0.02,-0.07,0.02
2021-03-04 17:29:06.4790,-0.02,-0.08,0.06
2021-03-04 17:29:06.4810,-0.08,-0.04,0.1
2021-03-04 17:29:06.4880,-0.13,0.02,0.1
2021-03-04 17:29:06.4990,-0.14,0.06,0.07
2021-03-04 17:29:06.5090,-0.12,0.07,0.01
2021-03-04 17:29:06.5190,-0.07,0.08,-0.05
2021-03-04 17:29:06.5290,-0.02,0.08,-0.07
2021-03-04 17:29:06.5400,0.01,0.03,-0.08
2021-03-04 17:29:06.5480,0.01,-0.01,-0.08
2021-03-04 17:29:06.5590,-0.01,0,-0.08
2021-03-04 17:29:06.5780,-0.06,0.03,-0.06
2021-03-04 17:29:06.5800,-0.08,0.07,-0.05
2021-03-04 17:29:06.5880,-0.09,0.07,-0.02
2021-03-04 17:29:06.5980,-0.08,0.04,-0.01
2021-03-04 17:29:06.6080,-0.06,0.05,0
2021-03-04 17:29:06.6180,-0.04,0.05,-0.01
2021-03-04 17:29:06.6280,0,0.06,-0.01
2021-03-04 17:29:06.6380,0.03,0.03,-0.04
2021-03-04 17:29:06.6490,0.01,-0.06,-0.07
2021-03-04 17:29:06.6580,-0.02,-0.07,-0.09
2021-03-04 17:29:06.6780,0.01,-0.01,-0.08
2021-03-04 17:29:06.6800,0.06,0.03,-0.08
2021-03-04 17:29:06.6870,0.11,0.05,-0.09
2021-03-04 17:29:06.6970,0.13,0.06,-0.08
2021-03-04 17:29:06.7080,0.12,0.05,-0.06
2021-03-04 17:29:06.7170,0.09,0.04,-0.06
2021-03-04 17:29:06.7270,0.07,0.04,-0.04
2021-03-04 17:29:06.7380,0.05,0.01,-0.04
2021-03-04 17:29:06.7470,0.03,0,-0.04
2021-03-04 17:29:06.7580,0.02,0,-0.07
2021-03-04 17:29:06.7760,0.03,0.03,-0.09
2021-03-04 17:29:06.7780,0.03,0.06,-0.11
2021-03-04 17:29:06.7860,-0.03,0.07,-0.1
2021-03-04 17:29:06.7970,-0.14,0.09,-0.07
2021-03-04 17:29:06.8070,-0.23,0.12,-0.01
2021-03-04 17:29:06.8170,-0.3,0.14,0.05
2021-03-04 17:29:06.8270,-0.34,0.15,0.09
2021-03-04 17:29:06.8370,-0.38,0.14,0.11
2021-03-04 17:29:06.8470,-0.35,0.13,0.08
2021-03-04 17:29:06.8570,-0.27,0.11,0.05
2021-03-04 17:29:06.8760,-0.15,0.05,0
2021-03-04 17:29:06.8780,-0.02,0.01,-0.05
2021-03-04 17:29:06.8860,0.15,-0.06,-0.11
2021-03-04 17:29:06.8960,0.29,-0.09,-0.16
2021-03-04 17:29:06.9060,0.36,-0.1,-0.18
2021-03-04 17:29:06.9160,0.38,-0.08,-0.16
2021-03-04 17:29:06.9260,0.35,-0.05,-0.14
2021-03-04 17:29:06.9370,0.28,-0.01,-0.12
2021-03-04 17:29:06.9460,0.24,0.02,-0.1
2021-03-04 17:29:06.9570,0.22,0.02,-0.07
2021-03-04 17:29:06.9750,0.23,0.02,-0.06
2021-03-04 17:29:06.9770,0.24,0.05,-0.06
2021-03-04 17:29:06.9850,0.25,0.05,-0.05
2021-03-04 17:29:06.9950,0.24,0.06,-0.06
2021-03-04 17:29:07.0060,0.19,0.07,-0.07
2021-03-04 17:29:07.0150,0.13,0.05,-0.11
2021-03-04 17:29:07.0260,0.07,0.03,-0.11
2021-03-04 17:29:07.0350,0.04,0.03,-0.09
2021-03-04 17:29:07.0460,0.05,0.02,-0.07
2021-03-04 17:29:07.0550,0.05,0.02,-0.07
2021-03-04 17:29:07.0760,0.07,0.02,-0.05
2021-03-04 17:29:07.0790,0.04,0.03,-0.05
2021-03-04 17:29:07.0850,-0.01,0.03,-0.04
2021-03-04 17:29:07.0950,-0.11,0.04,-0.05
2021-03-04 17:29:07.1050,-0.19,0.03,-0.03
2021-03-04 17:29:07.1150,-0.21,0.05,0.01
2021-03-04 17:29:07.1240,-0.21,0.06,0.05
2021-03-04 17:29:07.1350,-0.19,0.06,0.05
2021-03-04 17:29:07.1450,-0.17,0.03,0.05
2021-03-04 17:29:07.1550,-0.16,0.04,0.04
2021-03-04 17:29:07.1760,-0.14,0.05,0.01
2021-03-04 17:29:07.1770,-0.14,0.06,0
2021-03-04 17:29:07.1840,-0.12,0.06,0
2021-03-04 17:29:07.1940,-0.13,0.03,0.02
2021-03-04 17:29:07.2040,-0.14,-0.02,0.06
2021-03-04 17:29:07.2140,-0.14,-0.05,0.1
2021-03-04 17:29:07.2240,-0.14,-0.04,0.12
2021-03-04 17:29:07.2340,-0.13,-0.02,0.11
2021-03-04 17:29:07.2450,-0.1,0.01,0.07
2021-03-04 17:29:07.2540,-0.06,0.06,0.02
2021-03-04 17:29:07.2730,-0.03,0.11,-0.02
2021-03-04 17:29:07.2750,0,0.13,-0.05
2021-03-04 17:29:07.2830,0.04,0.13,-0.07
2021-03-04 17:29:07.2930,0.07,0.09,-0.11
2021-03-04 17:29:07.3030,0.08,0.02,-0.1
2021-03-04 17:29:07.3130,0.08,-0.04,-0.06
2021-03-04 17:29:07.3230,0.06,-0.05,0.02
2021-03-04 17:29:07.3340,0.02,-0.05,0.08
2021-03-04 17:29:07.3440,0.01,-0.07,0.14
2021-03-04 17:29:07.3530,-0.03,-0.07,0.14
2021-03-04 17:29:07.3720,-0.05,-0.03,0.07
2021-03-04 17:29:07.3740,-0.06,0.05,-0.03
2021-03-04 17:29:07.3830,-0.07,0.1,-0.09
2021-03-04 17:29:07.3930,-0.07,0.11,-0.15
2021-03-04 17:29:07.4030,-0.05,0.13,-0.18
2021-03-04 17:29:07.4130,-0.02,0.15,-0.18
2021-03-04 17:29:07.4220,-0.02,0.13,-0.15
2021-03-04 17:29:07.4340,-0.01,0.08,-0.06
2021-03-04 17:29:07.4430,0,0.03,0.03
2021-03-04 17:29:07.4540,-0.01,-0.01,0.06
2021-03-04 17:29:07.4720,-0.06,0,0.09
2021-03-04 17:29:07.4740,-0.11,0,0.06
2021-03-04 17:29:07.4820,-0.13,-0.01,0.04
2021-03-04 17:29:07.4920,-0.07,0,0.02
2021-03-04 17:29:07.5020,0.01,0.02,-0.01
2021-03-04 17:29:07.5120,0.07,0.04,-0.04
2021-03-04 17:29:07.5220,0.1,0.06,-0.05
2021-03-04 17:29:07.5320,0.12,0.05,-0.05
2021-03-04 17:29:07.5410,0.12,0.03,-0.05
2021-03-04 17:29:07.5530,0.11,0,-0.05
2021-03-04 17:29:07.5710,0.1,-0.03,-0.06
2021-03-04 17:29:07.5730,0.08,-0.06,-0.04
2021-03-04 17:29:07.5810,0.07,-0.06,-0.01
2021-03-04 17:29:07.5910,0.07,-0.04,0.04
2021-03-04 17:29:07.6010,0.06,-0.02,0.07
2021-03-04 17:29:07.6110,0.04,0.01,0.07
2021-03-04 17:29:07.6220,0.02,0.03,0.06
2021-03-04 17:29:07.6310,0.02,0.05,0.07
2021-03-04 17:29:07.6420,0.02,0.06,0.07
2021-03-04 17:29:07.6530,0,0.03,0.06
2021-03-04 17:29:07.6730,-0.02,0,0.07
2021-03-04 17:29:07.6760,-0.06,0,0.09
2021-03-04 17:29:07.6800,-0.09,0.03,0.06
2021-03-04 17:29:07.6910,-0.09,0.05,0.03
2021-03-04 17:29:07.7000,-0.09,0.06,0.01
2021-03-04 17:29:07.7100,-0.09,0.05,0
2021-03-04 17:29:07.7210,-0.1,0.04,0.02
2021-03-04 17:29:07.7300,-0.1,-0.01,0.02
2021-03-04 17:29:07.7410,-0.09,-0.03,0.02
2021-03-04 17:29:07.7500,-0.09,-0.03,0.02
2021-03-04 17:29:07.7700,-0.1,-0.01,0.02
2021-03-04 17:29:07.7720,-0.1,0.03,0.03
2021-03-04 17:29:07.7800,-0.09,0.07,0.05
2021-03-04 17:29:07.7900,-0.08,0.1,0.05
2021-03-04 17:29:07.8000,-0.08,0.08,0.05
2021-03-04 17:29:07.8110,-0.08,0.07,0.04
2021-03-04 17:29:07.8200,-0.08,0.03,0.03
2021-03-04 17:29:07.8300,-0.07,0,0.05
2021-03-04 17:29:07.8410,-0.05,-0.01,0.06
2021-03-04 17:29:07.8500,-0.05,-0.02,0.06
2021-03-04 17:29:07.8700,-0.04,-0.03,0.05
2021-03-04 17:29:07.8720,-0.01,-0.04,0.03
2021-03-04 17:29:07.8790,-0.01,-0.02,0.01
2021-03-04 17:29:07.8890,-0.01,0,0
2021-03-04 17:29:07.8990,-0.02,0.01,0.02
2021-03-04 17:29:07.9090,-0.02,0.02,0.01
2021-03-04 17:29:07.9200,-0.01,0.03,0.02
2021-03-04 17:29:07.9300,-0.02,0.05,0.03
2021-03-04 17:29:07.9390,-0.03,0.05,0.03
2021-03-04 17:29:07.9500,-0.06,0.04,0.04
2021-03-04 17:29:07.9690,-0.08,0.02,0.04
2021-03-04 17:29:07.9720,-0.06,-0.01,0.04
2021-03-04 17:29:07.9790,-0.05,-0.03,0.04
2021-03-04 17:29:07.9890,-0.08,-0.02,0.05
2021-03-04 17:29:07.9990,-0.11,0.02,0.06
2021-03-04 17:29:08.0080,-0.11,0.03,0.06
2021-03-04 17:29:08.0200,-0.08,0.04,0.05
2021-03-04 17:29:08.0290,-0.04,0.03,0.03
2021-03-04 17:29:08.0390,-0.01,0.02,0.04
2021-03-04 17:29:08.0480,0,0.01,0.04
2021-03-04 17:29:08.0650,0,-0.01,0.06
2021-03-04 17:29:08.0680,0,-0.03,0.09
2021-03-04 17:29:08.0780,-0.01,-0.03,0.11
2021-03-04 17:29:08.0880,-0.04,-0.03,0.1
2021-03-04 17:29:08.0980,-0.03,-0.02,0.07
2021-03-04 17:29:08.1080,-0.03,-0.02,0.05
2021-03-04 17:29:08.1180,-0.01,0,0.07
2021-03-04 17:29:08.1290,0.03,0.01,0.08
2021-03-04 17:29:08.1380,0.05,0.01,0.08
2021-03-04 17:29:08.1480,0.03,0.02,0.06
2021-03-04 17:29:08.1650,0,0.03,0.07
2021-03-04 17:29:08.1670,-0.03,-0.01,0.09
2021-03-04 17:29:08.1780,-0.04,-0.05,0.1
2021-03-04 17:29:08.1880,-0.07,-0.07,0.12
2021-03-04 17:29:08.1970,-0.08,-0.06,0.1
2021-03-04 17:29:08.2070,-0.06,-0.02,0.06
2021-03-04 17:29:08.2170,-0.02,0.01,0.05
2021-03-04 17:29:08.2280,0.04,0.04,0.06
2021-03-04 17:29:08.2380,0.07,0.01,0.06
2021-03-04 17:29:08.2470,0.1,0,0.08
2021-03-04 17:29:08.2660,0.11,0.01,0.07
2021-03-04 17:29:08.2680,0.09,0,0.06
2021-03-04 17:29:08.2770,0.06,-0.01,0.05
2021-03-04 17:29:08.2870,0,0,0.05
2021-03-04 17:29:08.2970,-0.06,0.01,0.03
2021-03-04 17:29:08.3070,-0.08,0.03,0.03
2021-03-04 17:29:08.3170,-0.1,0.03,0.04
2021-03-04 17:29:08.3280,-0.13,0.02,0.07
2021-03-04 17:29:08.3370,-0.17,0.01,0.1
2021-03-04 17:29:08.3460,-0.18,0.01,0.1
2021-03-04 17:29:08.3650,-0.16,0.02,0.11
2021-03-04 17:29:08.3680,-0.15,0.01,0.1
2021-03-04 17:29:08.3760,-0.16,0.01,0.09
2021-03-04 17:29:08.3860,-0.16,0,0.08
2021-03-04 17:29:08.3960,-0.17,-0.03,0.07
2021-03-04 17:29:08.4060,-0.16,-0.04,0.05
2021-03-04 17:29:08.4170,-0.14,-0.03,0.04
2021-03-04 17:29:08.4260,-0.11,-0.01,0.04
2021-03-04 17:29:08.4360,-0.07,-0.01,0.05
2021-03-04 17:29:08.4460,-0.03,-0.01,0.07
2021-03-04 17:29:08.4640,0,-0.03,0.08
2021-03-04 17:29:08.4660,0.01,-0.02,0.1
2021-03-04 17:29:08.4750,0,-0.02,0.09
2021-03-04 17:29:08.4850,-0.02,-0.02,0.09
2021-03-04 17:29:08.4960,-0.03,-0.04,0.07
2021-03-04 17:29:08.5050,-0.03,-0.05,0.07
2021-03-04 17:29:08.5150,-0.03,-0.05,0.09
2021-03-04 17:29:08.5260,-0.07,-0.05,0.13
2021-03-04 17:29:08.5360,-0.1,-0.04,0.11
2021-03-04 17:29:08.5450,-0.07,0,0.11
2021-03-04 17:29:08.5640,0,0.03,0.09
2021-03-04 17:29:08.5660,0.03,0.03,0.07
2021-03-04 17:29:08.5740,0.03,0.02,0.06
2021-03-04 17:29:08.5850,0.02,0.01,0.06
2021-03-04 17:29:08.5950,0.04,0.02,0.08
2021-03-04 17:29:08.6050,0.05,0.03,0.11
2021-03-04 17:29:08.6140,0.05,-0.03,0.12
2021-03-04 17:29:08.6260,0,-0.12,0.13
2021-03-04 17:29:08.6350,-0.06,-0.14,0.12
2021-03-04 17:29:08.6450,-0.08,-0.13,0.16
2021-03-04 17:29:08.6640,-0.07,-0.11,0.17
2021-03-04 17:29:08.6660,-0.07,-0.08,0.18
2021-03-04 17:29:08.6740,-0.11,-0.08,0.1
2021-03-04 17:29:08.6840,-0.15,-0.05,0.03
2021-03-04 17:29:08.6940,-0.14,-0.03,0.01
2021-03-04 17:29:08.7040,-0.07,0.01,0.02
2021-03-04 17:29:08.7140,0.06,0.03,0.01
2021-03-04 17:29:08.7250,0.16,-0.03,-0.06
2021-03-04 17:29:08.7340,0.22,-0.06,-0.18
2021-03-04 17:29:08.7440,0.25,-0.05,-0.25
2021-03-04 17:29:08.7620,0.29,-0.08,-0.25
2021-03-04 17:29:08.7650,0.32,-0.13,-0.25
2021-03-04 17:29:08.7740,0.28,-0.22,-0.34
2021-03-04 17:29:08.7840,0.11,-0.34,-0.55
2021-03-04 17:29:08.7940,-0.19,-0.38,-0.64
2021-03-04 17:29:08.8030,-0.42,-0.26,-0.52
2021-03-04 17:29:08.8140,-0.6,-0.01,-0.32
2021-03-04 17:29:08.8240,-0.71,0.31,-0.07
2021-03-04 17:29:08.8340,-0.67,0.65,0.25
2021-03-04 17:29:08.8430,-0.64,0.73,0.5
2021-03-04 17:29:08.8600,-0.7,0.7,0.61
2021-03-04 17:29:08.8630,-0.84,0.67,0.59
2021-03-04 17:29:08.8730,-1.08,0.47,0.47
2021-03-04 17:29:08.8830,-1.33,0.22,0.21
2021-03-04 17:29:08.8930,-1.44,0,-0.12
2021-03-04 17:29:08.9030,-1.39,-0.1,-0.29
2021-03-04 17:29:08.9140,-1.17,0.01,-0.31
2021-03-04 17:29:08.9240,-0.8,0.23,-0.18
2021-03-04 17:29:08.9320,-0.41,0.3,0
2021-03-04 17:29:08.9430,-0.11,0.19,0.1
2021-03-04 17:29:08.9600,0.05,0,0.1
2021-03-04 17:29:08.9630,0.04,-0.13,0.01
2021-03-04 17:29:08.9720,-0.13,-0.22,-0.09
2021-03-04 17:29:08.9820,-0.43,-0.26,-0.14
2021-03-04 17:29:08.9920,-0.81,-0.26,-0.18
2021-03-04 17:29:09.0020,-1.21,-0.27,-0.19
2021-03-04 17:29:09.0120,-1.57,-0.24,-0.15
2021-03-04 17:29:09.0230,-1.81,-0.19,-0.12
2021-03-04 17:29:09.0320,-1.91,-0.15,-0.09
2021-03-04 17:29:09.0420,-1.79,-0.12,-0.14
2021-03-04 17:29:09.0600,-1.57,-0.09,-0.21
2021-03-04 17:29:09.0620,-1.36,-0.08,-0.28
2021-03-04 17:29:09.0710,-1.22,-0.05,-0.34
2021-03-04 17:29:09.0820,-1.16,-0.01,-0.31
2021-03-04 17:29:09.0920,-1.22,0.02,-0.29
2021-03-04 17:29:09.1010,-1.34,0.03,-0.31
2021-03-04 17:29:09.1110,-1.48,-0.01,-0.34
2021-03-04 17:29:09.1230,-1.63,-0.13,-0.3
2021-03-04 17:29:09.1310,-1.66,-0.34,-0.27
2021-03-04 17:29:09.1420,-1.51,-0.5,-0.29
2021-03-04 17:29:09.1610,-1.19,-0.57,-0.23
2021-03-04 17:29:09.1630,-0.81,-0.62,-0.2
2021-03-04 17:29:09.1710,-0.5,-0.64,-0.17
2021-03-04 17:29:09.1810,-0.35,-0.64,-0.23
2021-03-04 17:29:09.1910,-0.42,-0.6,-0.38
2021-03-04 17:29:09.2010,-0.68,-0.51,-0.56
2021-03-04 17:29:09.2110,-1.06,-0.31,-0.72
2021-03-04 17:29:09.2220,-1.47,-0.01,-0.73
2021-03-04 17:29:09.2310,-1.79,0.38,-0.63
2021-03-04 17:29:09.2410,-1.97,0.85,-0.49
2021-03-04 17:29:09.2580,-1.99,1.24,-0.44
2021-03-04 17:29:09.2600,-1.99,1.55,-0.47
2021-03-04 17:29:09.2700,-1.98,1.84,-0.49
2021-03-04 17:29:09.2800,-1.92,2.06,-0.47
2021-03-04 17:29:09.2900,-1.91,2.16,-0.47
2021-03-04 17:29:09.3000,-2.07,2.13,-0.49
2021-03-04 17:29:09.3100,-2.48,2.06,-0.45
2021-03-04 17:29:09.3200,-3,1.84,-0.31
2021-03-04 17:29:09.3310,-3.63,1.58,-0.08
2021-03-04 17:29:09.3410,-4.18,1.37,0.16
2021-03-04 17:29:09.3580,-4.58,1.44,0.31
2021-03-04 17:29:09.3600,-4.71,1.69,0.44
2021-03-04 17:29:09.3690,-4.51,1.74,0.34
2021-03-04 17:29:09.3800,-4.16,1.79,0.31
2021-03-04 17:29:09.3900,-3.35,1.72,0.47
2021-03-04 17:29:09.3990,-2.55,1.98,0.46
2021-03-04 17:29:09.4090,-1.85,2.88,0.82
2021-03-04 17:29:09.4200,-0.97,3.28,1.11
2021-03-04 17:29:09.4290,-0.67,2.91,1.05
2021-03-04 17:29:09.4390,-0.9,2.47,0.52
2021-03-04 17:29:09.4580,-1.19,2.6,-0.25
2021-03-04 17:29:09.4590,-1.12,2.68,-1.12
2021-03-04 17:29:09.4690,-0.25,2.33,-1.8
2021-03-04 17:29:09.4790,1.14,1.8,-2.04
2021-03-04 17:29:09.4890,2.7,1.19,-1.56
2021-03-04 17:29:09.4990,4.08,0.4,-0.78
2021-03-04 17:29:09.5090,4.9,-0.79,-0.38
2021-03-04 17:29:09.5200,5.13,-1.93,-0.31
2021-03-04 17:29:09.5280,4.66,-2.64,-0.19
2021-03-04 17:29:09.5380,3.31,-2.64,0.03
2021-03-04 17:29:09.5560,1.5,-1.99,0.48
2021-03-04 17:29:09.5580,-0.15,-1.05,0.82
2021-03-04 17:29:09.5690,-1.37,-0.21,0.93
2021-03-04 17:29:09.5780,-1.91,0.22,0.79
2021-03-04 17:29:09.5880,-1.81,0.26,0.42
2021-03-04 17:29:09.5980,-1.29,0.35,0.09
2021-03-04 17:29:09.6080,-0.48,0.55,-0.25
2021-03-04 17:29:09.6190,0.45,0.62,-0.57
2021-03-04 17:29:09.6280,1.32,0.46,-0.87
2021-03-04 17:29:09.6380,1.86,0.14,-1.06
2021-03-04 17:29:09.6570,2.05,-0.39,-1.14
2021-03-04 17:29:09.6590,1.92,-1.08,-1.08
2021-03-04 17:29:09.6680,1.64,-1.58,-0.85
2021-03-04 17:29:09.6780,1.28,-2,-0.51
2021-03-04 17:29:09.6880,0.79,-2.21,-0.15
2021-03-04 17:29:09.6970,0.29,-2.18,0.12
2021-03-04 17:29:09.7070,-0.23,-2.22,0.23
2021-03-04 17:29:09.7190,-0.67,-2.12,0.28
2021-03-04 17:29:09.7280,-1,-1.91,0.22
2021-03-04 17:29:09.7380,-1.25,-1.58,0.13
2021-03-04 17:29:09.7570,-1.34,-1.19,-0.02
2021-03-04 17:29:09.7590,-1.36,-0.81,-0.11
2021-03-04 17:29:09.7670,-1.29,-0.6,-0.19
2021-03-04 17:29:09.7770,-1.25,-0.73,-0.35
2021-03-04 17:29:09.7870,-1.28,-1.11,-0.51
2021-03-04 17:29:09.7970,-1.35,-1.49,-0.58
2021-03-04 17:29:09.8070,-1.4,-1.8,-0.49
2021-03-04 17:29:09.8170,-1.41,-2.09,-0.34
2021-03-04 17:29:09.8280,-1.46,-2.2,-0.21
2021-03-04 17:29:09.8370,-1.51,-1.93,-0.08
2021-03-04 17:29:09.8560,-1.48,-1.44,0.1
2021-03-04 17:29:09.8580,-1.35,-0.82,0.24
2021-03-04 17:29:09.8660,-1.19,-0.16,0.2
2021-03-04 17:29:09.8760,-1.12,0.53,0.1
2021-03-04 17:29:09.8860,-1.08,1.05,0.02
2021-03-04 17:29:09.8960,-1.08,1.14,-0.02
2021-03-04 17:29:09.9070,-1.04,1.1,-0.02
2021-03-04 17:29:09.9160,-0.97,1.21,0.07
2021-03-04 17:29:09.9260,-0.93,1.11,0.18
2021-03-04 17:29:09.9370,-0.87,0.91,0.34
2021-03-04 17:29:09.9560,-0.84,0.81,0.59
2021-03-04 17:29:09.9580,-0.8,0.81,0.89
2021-03-04 17:29:09.9660,-0.86,0.91,1.17
2021-03-04 17:29:09.9760,-1.02,1.05,1.43
2021-03-04 17:29:09.9850,-1.17,1.26,1.77
2021-03-04 17:29:09.9960,-1.26,1.68,2.03
2021-03-04 17:29:10.0060,-1.37,2.01,2.23
2021-03-04 17:29:10.0150,-0.95,2.45,2.98
2021-03-04 17:29:10.0260,0.82,4.02,2.65
2021-03-04 17:29:10.0360,1.36,5.68,0.09
2021-03-04 17:29:10.0540,0.49,6.1,-1.4
2021-03-04 17:29:10.0550,1.03,5.87,-1.33
2021-03-04 17:29:10.0650,2.95,5.22,-0.96
2021-03-04 17:29:10.0750,4.19,3.55,-1.08
2021-03-04 17:29:10.0850,4.11,0.52,-0.84
2021-03-04 17:29:10.0950,3.44,-2.16,0.35
2021-03-04 17:29:10.1050,2.57,-3.53,1.41
2021-03-04 17:29:10.1150,0.82,-4.25,1.57
2021-03-04 17:29:10.1250,-0.83,-4.03,1.05
2021-03-04 17:29:10.1360,-1.54,-3.28,0.17
2021-03-04 17:29:10.1540,-1.45,-2.39,-0.63
2021-03-04 17:29:10.1560,-0.53,-1.39,-1.06
2021-03-04 17:29:10.1640,0.7,-0.38,-1.23
2021-03-04 17:29:10.1740,2.02,0.29,-1.07
2021-03-04 17:29:10.1840,2.95,0.52,-0.8
2021-03-04 17:29:10.1940,3.28,0.32,-0.64
2021-03-04 17:29:10.2040,3.13,0,-0.59
2021-03-04 17:29:10.2140,2.71,-0.35,-0.56
2021-03-04 17:29:10.2250,2.16,-0.75,-0.62
2021-03-04 17:29:10.2350,1.53,-1.1,-0.74
2021-03-04 17:29:10.2520,1,-1.39,-0.87
2021-03-04 17:29:10.2540,0.5,-1.54,-0.97
2021-03-04 17:29:10.2630,0.14,-1.67,-1.12
2021-03-04 17:29:10.2740,-0.11,-1.71,-1.18
2021-03-04 17:29:10.2840,-0.24,-1.66,-1.2
2021-03-04 17:29:10.2940,-0.2,-1.54,-1.12
2021-03-04 17:29:10.3040,-0.02,-1.3,-1.02
2021-03-04 17:29:10.3140,0.24,-1.03,-0.94
2021-03-04 17:29:10.3240,0.55,-0.8,-0.89
2021-03-04 17:29:10.3340,0.85,-0.71,-0.85
2021-03-04 17:29:10.3530,1.03,-0.76,-0.85
2021-03-04 17:29:10.3550,1.04,-0.91,-0.85
2021-03-04 17:29:10.3630,0.97,-1.14,-0.73
2021-03-04 17:29:10.3730,0.77,-1.31,-0.57
2021-03-04 17:29:10.3830,0.42,-1.29,-0.44
2021-03-04 17:29:10.3930,-0.07,-1.17,-0.34
2021-03-04 17:29:10.4030,-0.51,-0.98,-0.32
2021-03-04 17:29:10.4130,-0.98,-0.82,-0.25
2021-03-04 17:29:10.4240,-1.28,-0.67,-0.16
2021-03-04 17:29:10.4320,-1.36,-0.5,-0.1
2021-03-04 17:29:10.4520,-1.33,-0.35,-0.03
2021-03-04 17:29:10.4540,-1.25,-0.31,0.01
2021-03-04 17:29:10.4620,-1.11,-0.31,-0.03
2021-03-04 17:29:10.4720,-0.98,-0.3,-0.05
2021-03-04 17:29:10.4820,-0.91,-0.23,-0.09
2021-03-04 17:29:10.4920,-0.97,-0.07,-0.13
2021-03-04 17:29:10.5020,-1.15,0.21,-0.1
2021-03-04 17:29:10.5130,-1.37,0.51,-0.02
2021-03-04 17:29:10.5220,-1.66,0.74,0.03
2021-03-04 17:29:10.5320,-2,0.87,0.16
2021-03-04 17:29:10.5500,-2.43,1.14,0.4
2021-03-04 17:29:10.5520,-2.65,1.35,0.69
2021-03-04 17:29:10.5610,-2.73,1.47,0.92
2021-03-04 17:29:10.5720,-2.64,1.45,1.02
2021-03-04 17:29:10.5820,-2.51,1.28,0.89
2021-03-04 17:29:10.5910,-2.42,1.09,0.83
2021-03-04 17:29:10.6010,-1.75,0.84,1.18
2021-03-04 17:29:10.6110,-1.01,1.22,1.22
2021-03-04 17:29:10.6220,0.35,2.59,1.62
2021-03-04 17:29:10.6310,1.34,2.85,2.31
2021-03-04 17:29:10.6500,1.44,2.14,2.31
2021-03-04 17:29:10.6530,1.35,2.04,0.78
2021-03-04 17:29:10.6610,0.76,3.1,-0.81
2021-03-04 17:29:10.6710,0.15,4.39,-1.72
2021-03-04 17:29:10.6810,-0.12,4.8,-2.07
2021-03-04 17:29:10.6910,0.35,4.19,-1.92
2021-03-04 17:29:10.7010,1.67,2.99,-1.91
2021-03-04 17:29:10.7120,3.75,1.42,-1.8
2021-03-04 17:29:10.7210,5.38,-0.2,-1.3
2021-03-04 17:29:10.7310,5.79,-1.47,-0.57
2021-03-04 17:29:10.7480,5.16,-2.35,-0.19
2021-03-04 17:29:10.7510,3.52,-2.81,-0.06
2021-03-04 17:29:10.7600,1.54,-2.46,-0.05
2021-03-04 17:29:10.7700,-0.28,-1.33,0
2021-03-04 17:29:10.7800,-1.53,-0.18,0.14
2021-03-04 17:29:10.7900,-2,0.67,0.29
2021-03-04 17:29:10.8000,-1.95,1.44,0.41
2021-03-04 17:29:10.8110,-1.49,1.76,0.45
2021-03-04 17:29:10.8210,-0.95,1.38,0.27
2021-03-04 17:29:10.8300,-0.44,0.48,-0.11
2021-03-04 17:29:10.8490,-0.02,-0.45,-0.53
2021-03-04 17:29:10.8510,0.4,-1.3,-0.86
2021-03-04 17:29:10.8590,0.68,-1.96,-1.01
2021-03-04 17:29:10.8700,0.8,-2.47,-0.95
2021-03-04 17:29:10.8800,0.73,-2.85,-0.86
2021-03-04 17:29:10.8900,0.44,-3,-0.68
2021-03-04 17:29:10.9000,0.2,-2.95,-0.4
2021-03-04 17:29:10.9100,0.06,-2.66,-0.06
2021-03-04 17:29:10.9200,-0.12,-2.31,0.18
2021-03-04 17:29:10.9300,-0.5,-1.89,0.31
2021-03-04 17:29:10.9480,-1.03,-1.55,0.37
2021-03-04 17:29:10.9500,-1.56,-1.37,0.37
2021-03-04 17:29:10.9590,-2,-1.16,0.34
2021-03-04 17:29:10.9690,-2.24,-1.01,0.3
2021-03-04 17:29:10.9790,-2.25,-0.98,0.26
2021-03-04 17:29:10.9890,-2.14,-0.96,0.18
2021-03-04 17:29:11.0000,-2.01,-1.03,-0.04
2021-03-04 17:29:11.0090,-2.05,-1.1,-0.31
2021-03-04 17:29:11.0180,-2.19,-1.21,-0.45
2021-03-04 17:29:11.0290,-2.34,-1.22,-0.4
2021-03-04 17:29:11.0470,-2.12,-1.08,-0.22
2021-03-04 17:29:11.0490,-1.48,-0.83,0.11
2021-03-04 17:29:11.0580,-0.57,-0.58,0.41
2021-03-04 17:29:11.0680,0.28,-0.44,0.62
2021-03-04 17:29:11.0780,0.85,-0.25,0.81
2021-03-04 17:29:11.0880,1.12,0.2,0.97
2021-03-04 17:29:11.0980,1.15,0.54,1.02
2021-03-04 17:29:11.1080,0.8,0.97,1.18
2021-03-04 17:29:11.1190,0.27,1.38,1.37
2021-03-04 17:29:11.1280,-0.38,1.47,1.47
2021-03-04 17:29:11.1440,-1.27,1.38,1.64
2021-03-04 17:29:11.1470,-2.12,1.3,1.93
2021-03-04 17:29:11.1570,-2.4,1.51,2.89
2021-03-04 17:29:11.1680,-0.73,3.33,2.83
2021-03-04 17:29:11.1770,-0.15,5.89,1.17
2021-03-04 17:29:11.1880,-1,6.62,-0.27
2021-03-04 17:29:11.1970,-0.57,6.34,-0.06
2021-03-04 17:29:11.2070,2.26,6.4,0.78
2021-03-04 17:29:11.2190,4.19,5.5,-0.44
2021-03-04 17:29:11.2280,3.87,3.02,-1.61
2021-03-04 17:29:11.2460,3.49,-0.07,-0.7
2021-03-04 17:29:11.2480,3.83,-2.52,0.47
2021-03-04 17:29:11.2570,3.16,-4.27,0.92
2021-03-04 17:29:11.2670,1.36,-5.02,0.22
2021-03-04 17:29:11.2770,-0.25,-5.14,-0.34
2021-03-04 17:29:11.2870,-1.28,-4.52,-0.71
2021-03-04 17:29:11.2970,-1.44,-3.24,-1.01
2021-03-04 17:29:11.3070,-0.78,-1.72,-1.22
2021-03-04 17:29:11.3160,0.45,-0.25,-1.22
2021-03-04 17:29:11.3280,1.69,0.88,-1.09
2021-03-04 17:29:11.3470,2.58,1.33,-0.97
2021-03-04 17:29:11.3490,3.02,1.11,-0.91
2021-03-04 17:29:11.3560,2.97,0.63,-0.91
2021-03-04 17:29:11.3660,2.6,0.07,-0.97
2021-03-04 17:29:11.3760,2.17,-0.58,-1
2021-03-04 17:29:11.3860,1.8,-1.25,-1.06
2021-03-04 17:29:11.3960,1.48,-1.78,-1.18
2021-03-04 17:29:11.4060,1.11,-2.09,-1.28
2021-03-04 17:29:11.4160,0.76,-2.18,-1.37
2021-03-04 17:29:11.4270,0.45,-2.11,-1.43
2021-03-04 17:29:11.4460,0.21,-1.88,-1.44
2021-03-04 17:29:11.4480,0.07,-1.46,-1.33
2021-03-04 17:29:11.4550,0.09,-1.05,-1.18
2021-03-04 17:29:11.4660,0.21,-0.7,-1.06
2021-03-04 17:29:11.4750,0.4,-0.6,-0.99
2021-03-04 17:29:11.4850,0.54,-0.52,-0.91
2021-03-04 17:29:11.4950,0.67,-0.46,-0.82
2021-03-04 17:29:11.5050,0.66,-0.43,-0.68
2021-03-04 17:29:11.5160,0.52,-0.54,-0.63
2021-03-04 17:29:11.5250,0.07,-0.69,-0.56
2021-03-04 17:29:11.5440,-0.4,-0.76,-0.49
2021-03-04 17:29:11.5460,-0.75,-0.67,-0.37
2021-03-04 17:29:11.5550,-1.03,-0.56,-0.27
2021-03-04 17:29:11.5650,-1.28,-0.44,-0.24
2021-03-04 17:29:11.5750,-1.41,-0.37,-0.26
2021-03-04 17:29:11.5850,-1.55,-0.4,-0.25
2021-03-04 17:29:11.5950,-1.81,-0.42,-0.26
2021-03-04 17:29:11.6050,-2.09,-0.35,-0.24
2021-03-04 17:29:11.6150,-2.28,-0.21,-0.18
2021-03-04 17:29:11.6250,-2.4,0.02,-0.15
2021-03-04 17:29:11.6440,-2.45,0.3,-0.15
2021-03-04 17:29:11.6460,-2.49,0.64,-0.22
2021-03-04 17:29:11.6540,-2.5,1.1,-0.3
2021-03-04 17:29:11.6640,-2.53,1.5,-0.38
2021-03-04 17:29:11.6740,-2.7,1.71,-0.21
2021-03-04 17:29:11.6840,-3.05,1.79,0.11
2021-03-04 17:29:11.6940,-3.41,1.72,0.48
2021-03-04 17:29:11.7050,-3.69,1.64,0.85
2021-03-04 17:29:11.7140,-3.7,1.49,1.25
2021-03-04 17:29:11.7240,-2.78,1.17,2.02
2021-03-04 17:29:11.7420,-2.03,1.28,2.1
2021-03-04 17:29:11.7440,-0.8,2.28,2.59
2021-03-04 17:29:11.7530,0.27,2.66,2.64
2021-03-04 17:29:11.7640,0.09,2.46,2.02
2021-03-04 17:29:11.7740,-0.18,2.84,0.57
2021-03-04 17:29:11.7840,0.04,3.61,-1.26
2021-03-04 17:29:11.7930,0.85,4.33,-2.61
2021-03-04 17:29:11.8040,2.28,4.38,-3.28
2021-03-04 17:29:11.8130,4.13,3.77,-3.02
2021-03-04 17:29:11.8240,5.69,2.19,-2.64
2021-03-04 17:29:11.8430,6.97,0.28,-2.46
2021-03-04 17:29:11.8450,7.6,-1.57,-2.03
2021-03-04 17:29:11.8530,7.09,-2.91,-1.36
2021-03-04 17:29:11.8630,5.63,-3.13,-0.6
2021-03-04 17:29:11.8730,3.53,-2.55,-0.1
2021-03-04 17:29:11.8830,1.48,-1.63,0.03
2021-03-04 17:29:11.8930,-0.22,-0.69,0.09
2021-03-04 17:29:11.9040,-1.5,0.25,0.22
2021-03-04 17:29:11.9130,-2.4,1.17,0.43
2021-03-04 17:29:11.9240,-2.75,1.9,0.63
2021-03-04 17:29:11.9410,-2.52,2.28,0.7
2021-03-04 17:29:11.9430,-1.97,1.99,0.61
2021-03-04 17:29:11.9520,-1.32,0.96,0.42
2021-03-04 17:29:11.9620,-0.7,-0.39,0.18
2021-03-04 17:29:11.9720,-0.18,-1.52,-0.03
2021-03-04 17:29:11.9820,0.24,-2.33,-0.2
2021-03-04 17:29:11.9920,0.61,-2.74,-0.36
2021-03-04 17:29:12.0040,0.82,-2.89,-0.57
2021-03-04 17:29:12.0120,0.77,-2.9,-0.7
2021-03-04 17:29:12.0230,0.49,-2.77,-0.69
2021-03-04 17:29:12.0420,0.12,-2.52,-0.6
2021-03-04 17:29:12.0440,-0.29,-2.2,-0.48
2021-03-04 17:29:12.0510,-0.78,-1.87,-0.43
2021-03-04 17:29:12.0620,-1.4,-1.54,-0.4
2021-03-04 17:29:12.0720,-1.99,-1.21,-0.34
2021-03-04 17:29:12.0810,-2.44,-0.94,-0.26
2021-03-04 17:29:12.0910,-2.75,-0.79,-0.19
2021-03-04 17:29:12.1010,-2.84,-0.78,-0.2
2021-03-04 17:29:12.1110,-2.62,-0.88,-0.29
2021-03-04 17:29:12.1220,-2.25,-0.95,-0.3
2021-03-04 17:29:12.1410,-1.75,-0.91,-0.13
2021-03-04 17:29:12.1420,-1.1,-0.74,0.06
2021-03-04 17:29:12.1510,-0.44,-0.53,0.15
2021-03-04 17:29:12.1610,0.02,-0.25,0.3
2021-03-04 17:29:12.1710,0.48,-0.32,0.38
2021-03-04 17:29:12.1810,0.78,-0.63,0.32
2021-03-04 17:29:12.1910,0.64,-0.81,0.38
2021-03-04 17:29:12.2010,0.57,-0.75,0.62
2021-03-04 17:29:12.2110,0.54,-0.37,0.74
2021-03-04 17:29:12.2210,0.39,0.26,0.72
2021-03-04 17:29:12.2390,-0.06,0.89,0.74
2021-03-04 17:29:12.2410,-0.8,1.27,0.85
2021-03-04 17:29:12.2500,-1.32,1.31,1.58
2021-03-04 17:29:12.2600,-0.1,2.83,1.78
2021-03-04 17:29:12.2700,0.75,5.82,0.42
2021-03-04 17:29:12.2800,0.06,7.02,0.04
2021-03-04 17:29:12.2900,1.18,8.48,0.94
2021-03-04 17:29:12.3000,3.99,9.44,1
2021-03-04 17:29:12.3110,5.32,7.87,-0.79
2021-03-04 17:29:12.3210,4.38,3.74,-2.17
2021-03-04 17:29:12.3400,3.97,-0.28,-0.86
2021-03-04 17:29:12.3410,3.98,-3.12,0.26
2021-03-04 17:29:12.3490,2.72,-5.46,0.57
2021-03-04 17:29:12.3600,0.68,-7.01,0.19
2021-03-04 17:29:12.3690,-1.21,-7.25,-0.27
2021-03-04 17:29:12.3800,-2.26,-5.8,-0.54
2021-03-04 17:29:12.3890,-2.16,-3.41,-0.71
2021-03-04 17:29:12.4010,-1.17,-1.19,-1.06
2021-03-04 17:29:12.4090,0.15,0.53,-1.56
2021-03-04 17:29:12.4200,1.55,1.94,-1.91
2021-03-04 17:29:12.4380,2.83,2.69,-1.97
2021-03-04 17:29:12.4390,3.58,2.3,-1.74
2021-03-04 17:29:12.4490,3.74,1.07,-1.4
2021-03-04 17:29:12.4590,3.6,-0.26,-1.08
2021-03-04 17:29:12.4690,3.23,-1.18,-0.93
2021-03-04 17:29:12.4790,2.68,-1.73,-1.04
2021-03-04 17:29:12.4890,2.02,-1.92,-1.22
2021-03-04 17:29:12.4990,1.39,-1.84,-1.31
2021-03-04 17:29:12.5090,0.85,-1.73,-1.32
2021-03-04 17:29:12.5190,0.41,-1.54,-1.28
2021-03-04 17:29:12.5370,0.12,-1.26,-1.2
2021-03-04 17:29:12.5390,0.03,-0.92,-1.13
2021-03-04 17:29:12.5480,0.15,-0.65,-1.03
2021-03-04 17:29:12.5580,0.23,-0.4,-0.91
2021-03-04 17:29:12.5680,0.21,-0.13,-0.76
2021-03-04 17:29:12.5780,0.16,0.11,-0.62
2021-03-04 17:29:12.5880,0.13,0.23,-0.61
2021-03-04 17:29:12.5990,0.1,0.12,-0.7
2021-03-04 17:29:12.6090,0.08,-0.08,-0.76
2021-03-04 17:29:12.6190,0.05,-0.22,-0.75
2021-03-04 17:29:12.6360,0.03,-0.25,-0.69
2021-03-04 17:29:12.6380,0.11,-0.23,-0.65
2021-03-04 17:29:12.6470,0.11,-0.25,-0.72
2021-03-04 17:29:12.6580,-0.02,-0.38,-0.89
2021-03-04 17:29:12.6680,-0.17,-0.57,-1.12
2021-03-04 17:29:12.6780,-0.27,-0.79,-1.33
2021-03-04 17:29:12.6880,-0.37,-1,-1.5
2021-03-04 17:29:12.6970,-0.45,-1.05,-1.49
2021-03-04 17:29:12.7080,-0.4,-0.84,-1.24
2021-03-04 17:29:12.7180,-0.27,-0.44,-0.96
2021-03-04 17:29:12.7360,-0.27,0.03,-0.77
2021-03-04 17:29:12.7390,-0.44,0.39,-0.52
2021-03-04 17:29:12.7470,-0.81,0.66,-0.2
2021-03-04 17:29:12.7570,-1.31,0.83,0.1
2021-03-04 17:29:12.7670,-1.89,0.97,0.27
2021-03-04 17:29:12.7770,-2.48,1.08,0.23
2021-03-04 17:29:12.7870,-2.83,1.07,0.3
2021-03-04 17:29:12.7970,-2.46,1.02,0.83
2021-03-04 17:29:12.8070,-1.88,1,0.77
2021-03-04 17:29:12.8170,-0.91,1.22,1.07
2021-03-04 17:29:12.8340,-0.13,1.65,1.25
2021-03-04 17:29:12.8360,-0.15,2.19,1.24
2021-03-04 17:29:12.8460,0.17,2.28,0.77
2021-03-04 17:29:12.8560,0.73,1.94,-0.19
2021-03-04 17:29:12.8660,1.7,1.66,-1.11
2021-03-04 17:29:12.8760,2.88,1.42,-1.47
2021-03-04 17:29:12.8860,3.69,1.33,-1.1
2021-03-04 17:29:12.8970,3.96,1.19,-0.69
2021-03-04 17:29:12.9070,4.03,0.82,-0.8
2021-03-04 17:29:12.9170,4.15,0.27,-1.12
2021-03-04 17:29:12.9370,4.19,-0.21,-1.17
2021-03-04 17:29:12.9390,3.75,-0.41,-0.75
2021-03-04 17:29:12.9450,2.76,-0.45,-0.18
2021-03-04 17:29:12.9570,1.8,-0.51,0.25
2021-03-04 17:29:12.9660,0.97,-0.59,0.49
2021-03-04 17:29:12.9750,0.14,-0.45,0.61
2021-03-04 17:29:12.9850,-0.32,0.02,0.74
2021-03-04 17:29:12.9950,-0.4,0.69,0.93
2021-03-04 17:29:13.0060,-0.16,1.31,1.1
2021-03-04 17:29:13.0150,0.32,1.68,1.18
2021-03-04 17:29:13.0360,0.83,1.69,1.15
2021-03-04 17:29:13.0380,1.2,1.3,0.99
2021-03-04 17:29:13.0450,1.44,0.45,0.71
2021-03-04 17:29:13.0550,1.55,-0.58,0.39
2021-03-04 17:29:13.0650,1.51,-1.45,0.02
2021-03-04 17:29:13.0750,1.43,-2.09,-0.23
2021-03-04 17:29:13.0850,1.27,-2.17,-0.36
2021-03-04 17:29:13.0950,1.15,-1.82,-0.39
2021-03-04 17:29:13.1050,1.06,-1.26,-0.27
2021-03-04 17:29:13.1150,0.98,-0.63,-0.12
2021-03-04 17:29:13.1340,0.87,-0.09,0
2021-03-04 17:29:13.1370,0.66,0.27,0.06
2021-03-04 17:29:13.1440,0.26,0.34,0.13
2021-03-04 17:29:13.1540,-0.21,-0.02,0.3
2021-03-04 17:29:13.1640,-0.6,-0.63,0.47
2021-03-04 17:29:13.1740,-0.8,-1.21,0.58
2021-03-04 17:29:13.1840,-0.78,-1.59,0.57
2021-03-04 17:29:13.1940,-0.6,-1.71,0.47
2021-03-04 17:29:13.2050,-0.35,-1.64,0.37
2021-03-04 17:29:13.2140,-0.11,-1.48,0.28
2021-03-04 17:29:13.2350,0.16,-1.19,0.2
2021-03-04 17:29:13.2370,0.46,-0.91,0.04
2021-03-04 17:29:13.2430,0.7,-0.73,-0.08
2021-03-04 17:29:13.2540,0.92,-0.68,-0.11
2021-03-04 17:29:13.2630,1.12,-0.81,-0.16
2021-03-04 17:29:13.2740,1.17,-1.13,-0.22
2021-03-04 17:29:13.2830,1.02,-1.54,-0.36
2021-03-04 17:29:13.2940,0.78,-1.85,-0.38
2021-03-04 17:29:13.3030,0.78,-1.89,0.03
2021-03-04 17:29:13.3140,1.03,-1.76,0.38
2021-03-04 17:29:13.3350,1.23,-1.43,0.48
2021-03-04 17:29:13.3370,1.7,-0.5,0.62
2021-03-04 17:29:13.3430,2.4,1.17,0.55
2021-03-04 17:29:13.3530,2.88,3.23,-0.07
2021-03-04 17:29:13.3630,3.04,4.9,-0.69
2021-03-04 17:29:13.3730,2.96,5.19,-1.15
2021-03-04 17:29:13.3830,2.43,3.84,-1.37
2021-03-04 17:29:13.3930,1.58,1.58,-0.95
2021-03-04 17:29:13.4030,0.8,-0.26,-0.32
2021-03-04 17:29:13.4130,0.27,-1.56,0.18
2021-03-04 17:29:13.4310,-0.14,-2.45,0.57
2021-03-04 17:29:13.4340,-0.44,-2.77,0.74
2021-03-04 17:29:13.4420,-0.65,-2.5,0.73
2021-03-04 17:29:13.4530,-0.74,-1.84,0.6
2021-03-04 17:29:13.4620,-0.64,-1.24,0.26
2021-03-04 17:29:13.4720,-0.3,-0.74,-0.12
2021-03-04 17:29:13.4820,0.19,-0.28,-0.4
2021-03-04 17:29:13.4920,0.6,0.11,-0.55
2021-03-04 17:29:13.5020,0.93,0.51,-0.61
2021-03-04 17:29:13.5120,1.13,0.8,-0.63
2021-03-04 17:29:13.5300,1.14,0.92,-0.59
2021-03-04 17:29:13.5330,1,0.9,-0.49
2021-03-04 17:29:13.5410,0.73,0.74,-0.39
2021-03-04 17:29:13.5510,0.44,0.53,-0.34
2021-03-04 17:29:13.5620,0.23,0.28,-0.35
2021-03-04 17:29:13.5710,0.13,0.02,-0.36
2021-03-04 17:29:13.5820,0.19,-0.21,-0.3
2021-03-04 17:29:13.5920,0.3,-0.42,-0.24
2021-03-04 17:29:13.6020,0.43,-0.59,-0.2
2021-03-04 17:29:13.6110,0.53,-0.66,-0.19
2021-03-04 17:29:13.6310,0.56,-0.63,-0.2
2021-03-04 17:29:13.6330,0.56,-0.49,-0.26
2021-03-04 17:29:13.6410,0.51,-0.29,-0.31
2021-03-04 17:29:13.6510,0.47,-0.02,-0.31
2021-03-04 17:29:13.6610,0.4,0.22,-0.32
2021-03-04 17:29:13.6710,0.31,0.39,-0.36
2021-03-04 17:29:13.6810,0.19,0.49,-0.31
2021-03-04 17:29:13.6920,0.08,0.57,-0.24
2021-03-04 17:29:13.7020,-0.03,0.5,-0.21
2021-03-04 17:29:13.7110,-0.12,0.41,-0.14
2021-03-04 17:29:13.7290,-0.13,0.31,-0.13
2021-03-04 17:29:13.7310,-0.08,0.14,-0.14
2021-03-04 17:29:13.7400,0.03,-0.01,-0.12
2021-03-04 17:29:13.7500,0.17,-0.15,-0.15
2021-03-04 17:29:13.7600,0.25,-0.29,-0.16
2021-03-04 17:29:13.7700,0.29,-0.31,-0.13
2021-03-04 17:29:13.7800,0.29,-0.24,-0.12
2021-03-04 17:29:13.7900,0.26,-0.14,-0.12
2021-03-04 17:29:13.8010,0.19,-0.02,-0.06
2021-03-04 17:29:13.8100,0.11,0.08,0
2021-03-04 17:29:13.8300,0.06,0.19,0.08
2021-03-04 17:29:13.8320,0,0.28,0.15
2021-03-04 17:29:13.8390,-0.04,0.33,0.19
2021-03-04 17:29:13.8500,-0.03,0.31,0.21
2021-03-04 17:29:13.8600,0.06,0.18,0.17
2021-03-04 17:29:13.8700,0.13,-0.01,0.09
2021-03-04 17:29:13.8790,0.13,-0.18,0.04
2021-03-04 17:29:13.8900,0.11,-0.29,0.05
2021-03-04 17:29:13.8990,0.05,-0.36,0.06
2021-03-04 17:29:13.9100,-0.03,-0.34,0.07
2021-03-04 17:29:13.9280,-0.1,-0.22,0.1
2021-03-04 17:29:13.9300,-0.2,-0.1,0.11
2021-03-04 17:29:13.9390,-0.32,0,0.11
2021-03-04 17:29:13.9490,-0.38,0.14,0.11
2021-03-04 17:29:13.9590,-0.4,0.24,0.09
2021-03-04 17:29:13.9690,-0.43,0.27,0.03
2021-03-04 17:29:13.9790,-0.44,0.23,-0.02
2021-03-04 17:29:13.9890,-0.32,0.22,-0.03
2021-03-04 17:29:14.0000,-0.12,0.16,-0.09
2021-03-04 17:29:14.0090,0.03,0.04,-0.16
2021-03-04 17:29:14.0280,0.18,-0.06,-0.15
2021-03-04 17:29:14.0300,0.34,-0.12,-0.09
2021-03-04 17:29:14.0380,0.48,-0.15,-0.09
2021-03-04 17:29:14.0480,0.58,-0.14,-0.15
2021-03-04 17:29:14.0580,0.57,-0.08,-0.2
2021-03-04 17:29:14.0680,0.55,-0.04,-0.19
2021-03-04 17:29:14.0780,0.55,-0.03,-0.18
2021-03-04 17:29:14.0890,0.53,-0.07,-0.2
2021-03-04 17:29:14.0980,0.48,-0.1,-0.2
2021-03-04 17:29:14.1090,0.47,-0.08,-0.16
2021-03-04 17:29:14.1290,0.46,-0.06,-0.15
2021-03-04 17:29:14.1310,0.45,-0.01,-0.12
2021-03-04 17:29:14.1370,0.42,0.05,-0.12
2021-03-04 17:29:14.1480,0.32,0.03,-0.1
2021-03-04 17:29:14.1580,0.24,0.05,-0.04
2021-03-04 17:29:14.1680,0.23,0.05,0.01
2021-03-04 17:29:14.1770,0.22,0.04,0.01
2021-03-04 17:29:14.1880,0.2,0.03,-0.01
2021-03-04 17:29:14.1980,0.18,0.02,-0.03
2021-03-04 17:29:14.2070,0.18,0.04,-0.03
2021-03-04 17:29:14.2290,0.21,0.06,-0.04
2021-03-04 17:29:14.2300,0.21,0.04,-0.01
2021-03-04 17:29:14.2370,0.17,-0.04,0
2021-03-04 17:29:14.2470,0.11,-0.1,0.03
2021-03-04 17:29:14.2570,0.09,-0.14,0.08
2021-03-04 17:29:14.2670,0.09,-0.11,0.08
2021-03-04 17:29:14.2770,0.07,-0.11,0.03
2021-03-04 17:29:14.2880,0,-0.08,0.02
2021-03-04 17:29:14.2970,-0.08,0.01,0.01
2021-03-04 17:29:14.3070,-0.19,0.1,0.01
2021-03-04 17:29:14.3270,-0.35,0.17,-0.02
2021-03-04 17:29:14.3290,-0.51,0.21,-0.03
2021-03-04 17:29:14.3360,-0.63,0.24,0.04
2021-03-04 17:29:14.3460,-0.68,0.28,0.08
2021-03-04 17:29:14.3560,-0.72,0.27,0.13
2021-03-04 17:29:14.3660,-0.75,0.22,0.12
2021-03-04 17:29:14.3760,-0.81,0.16,0.07
2021-03-04 17:29:14.3860,-0.92,0.1,0.02
2021-03-04 17:29:14.3970,-1.03,0.09,0
2021-03-04 17:29:14.4060,-1.08,0.12,-0.02
2021-03-04 17:29:14.4250,-1.01,0.21,0.01
2021-03-04 17:29:14.4270,-0.85,0.3,-0.03
2021-03-04 17:29:14.4350,-0.63,0.28,-0.07
2021-03-04 17:29:14.4460,-0.42,0.21,-0.09
2021-03-04 17:29:14.4560,-0.29,0.09,-0.11
2021-03-04 17:29:14.4660,-0.2,-0.06,-0.09
2021-03-04 17:29:14.4760,-0.08,-0.08,-0.02
2021-03-04 17:29:14.4850,-0.06,-0.14,-0.01
2021-03-04 17:29:14.4960,-0.07,-0.18,-0.04
2021-03-04 17:29:14.5060,-0.06,-0.12,-0.04
2021-03-04 17:29:14.5240,-0.06,-0.1,0.01
2021-03-04 17:29:14.5260,-0.08,-0.14,0.04
2021-03-04 17:29:14.5350,-0.06,-0.11,0.05
2021-03-04 17:29:14.5450,0.06,0.07,0.09
2021-03-04 17:29:14.5550,0.06,0.12,0.06
2021-03-04 17:29:14.5650,-0.04,0.16,0.04
2021-03-04 17:29:14.5750,-0.1,0.21,0.11
2021-03-04 17:29:14.5850,-0.06,0.24,0.12
2021-03-04 17:29:14.5960,-0.01,0.17,0.07
2021-03-04 17:29:14.6050,0.09,0.06,0.07
2021-03-04 17:29:14.6250,0.17,-0.05,0.11
2021-03-04 17:29:14.6260,0.24,-0.13,0.14
2021-03-04 17:29:14.6340,0.32,-0.15,0.12
2021-03-04 17:29:14.6440,0.39,-0.15,0.09
2021-03-04 17:29:14.6540,0.39,-0.2,0.08
2021-03-04 17:29:14.6640,0.35,-0.17,0.09
2021-03-04 17:29:14.6740,0.3,-0.1,0.08
2021-03-04 17:29:14.6840,0.23,-0.07,0.04
2021-03-04 17:29:14.6950,0.18,0.04,0.02
2021-03-04 17:29:14.7050,0.22,0.12,0
2021-03-04 17:29:14.7240,0.26,0.11,-0.01
2021-03-04 17:29:14.7260,0.29,0.04,0.01
2021-03-04 17:29:14.7330,0.29,0,0.01
2021-03-04 17:29:14.7440,0.3,0,0.03
2021-03-04 17:29:14.7540,0.33,0.03,0.01
2021-03-04 17:29:14.7640,0.34,0.01,-0.01
2021-03-04 17:29:14.7740,0.31,-0.03,-0.02
2021-03-04 17:29:14.7840,0.3,-0.02,-0.05
2021-03-04 17:29:14.7940,0.25,-0.06,-0.07
2021-03-04 17:29:14.8040,0.16,-0.09,-0.03
2021-03-04 17:29:14.8250,0.09,-0.05,-0.04
2021-03-04 17:29:14.8270,0.01,-0.05,-0.09
2021-03-04 17:29:14.8330,-0.06,-0.03,-0.08
2021-03-04 17:29:14.8430,-0.12,0.04,-0.06
2021-03-04 17:29:14.8530,-0.14,0.11,-0.03
2021-03-04 17:29:14.8630,-0.15,0.14,-0.01
2021-03-04 17:29:14.8720,-0.15,0.14,0
2021-03-04 17:29:14.8830,-0.19,0.11,-0.03
2021-03-04 17:29:14.8940,-0.22,0.11,-0.02
2021-03-04 17:29:14.9040,-0.2,0.11,-0.01
2021-03-04 17:29:14.9230,-0.15,0.1,-0.05
2021-03-04 17:29:14.9240,-0.1,0.06,-0.06
2021-03-04 17:29:14.9320,-0.03,0.01,-0.08
2021-03-04 17:29:14.9420,0.06,-0.02,-0.1
2021-03-04 17:29:14.9520,0.15,-0.07,-0.15
2021-03-04 17:29:14.9620,0.17,-0.06,-0.19
2021-03-04 17:29:14.9730,0.19,-0.01,-0.24
2021-03-04 17:29:14.9820,0.11,0.01,-0.29
2021-03-04 17:29:14.9930,-0.01,0.06,-0.22
2021-03-04 17:29:15.0020,-0.01,0.09,-0.13
2021-03-04 17:29:15.0230,0.01,0.1,-0.07
2021-03-04 17:29:15.0250,0.07,0.09,-0.07
2021-03-04 17:29:15.0310,0.07,0.06,-0.1
2021-03-04 17:29:15.0410,0.07,0.04,-0.14
2021-03-04 17:29:15.0520,0.06,0.08,-0.18
2021-03-04 17:29:15.0620,0.04,0.12,-0.14
2021-03-04 17:29:15.0720,-0.02,0.1,-0.08
2021-03-04 17:29:15.0820,-0.03,0.02,-0.04
2021-03-04 17:29:15.0920,-0.12,-0.07,0.01
2021-03-04 17:29:15.1030,-0.2,-0.04,-0.01
2021-03-04 17:29:15.1220,-0.16,0.04,0.01
2021-03-04 17:29:15.1240,-0.13,0.05,0.03
2021-03-04 17:29:15.1300,-0.13,0.05,-0.02
2021-03-04 17:29:15.1410,-0.1,0.09,-0.08
2021-03-04 17:29:15.1510,-0.05,0.1,-0.1
2021-03-04 17:29:15.1610,-0.02,0.1,-0.08
2021-03-04 17:29:15.1710,-0.08,0.06,0.01
2021-03-04 17:29:15.1810,-0.05,0.07,0.06
2021-03-04 17:29:15.1920,-0.04,0.27,0.12
2021-03-04 17:29:15.2010,-0.06,0.11,-0.01
2021-03-04 17:29:15.2200,-0.2,-0.11,-0.17
2021-03-04 17:29:15.2220,-0.25,-0.19,-0.03
2021-03-04 17:29:15.2300,-0.15,-0.08,0.19
2021-03-04 17:29:15.2400,-0.22,0.14,0.22
2021-03-04 17:29:15.2500,-0.28,0.21,0.2
2021-03-04 17:29:15.2600,-0.19,0.03,0.07
2021-03-04 17:29:15.2700,-0.17,-0.13,0.01
2021-03-04 17:29:15.2800,-0.07,-0.19,0.01
2021-03-04 17:29:15.2910,-0.1,-0.03,0.1
2021-03-04 17:29:15.3000,0.03,-0.12,0.07
2021-03-04 17:29:15.3180,0.03,-0.13,0.05
2021-03-04 17:29:15.3210,0.01,-0.07,0.06
2021-03-04 17:29:15.3290,-0.01,-0.07,0.05
2021-03-04 17:29:15.3400,-0.01,-0.06,0.07
2021-03-04 17:29:15.3500,0.02,-0.02,0.11
2021-03-04 17:29:15.3600,0.07,0.07,0.14
2021-03-04 17:29:15.3700,0.1,0.18,0.12
2021-03-04 17:29:15.3800,0.14,0.2,0.05
2021-03-04 17:29:15.3900,0.18,0.17,-0.02
2021-03-04 17:29:15.4000,0.2,0.15,-0.08
2021-03-04 17:29:15.4200,0.16,0.12,-0.11
2021-03-04 17:29:15.4220,0.08,-0.07,-0.07
2021-03-04 17:29:15.4290,0.01,-0.16,0.02
2021-03-04 17:29:15.4390,-0.03,-0.13,0.08
2021-03-04 17:29:15.4490,-0.1,-0.08,0.1
2021-03-04 17:29:15.4590,-0.13,-0.03,0.1
2021-03-04 17:29:15.4690,-0.09,0.08,0.07
2021-03-04 17:29:15.4790,-0.09,0.18,0.01
2021-03-04 17:29:15.4890,-0.13,0.19,-0.05
2021-03-04 17:29:15.4990,-0.15,0.16,-0.06
2021-03-04 17:29:15.5190,-0.09,0.09,-0.01
2021-03-04 17:29:15.5220,-0.01,-0.02,0.05
2021-03-04 17:29:15.5280,0.08,-0.09,0.11
2021-03-04 17:29:15.5380,0.1,-0.1,0.12
2021-03-04 17:29:15.5490,0.03,-0.06,0.09
2021-03-04 17:29:15.5580,-0.07,-0.04,0.02
2021-03-04 17:29:15.5680,-0.13,0.05,-0.01
2021-03-04 17:29:15.5780,-0.19,0.12,0
2021-03-04 17:29:15.5880,-0.25,0.14,0.01
2021-03-04 17:29:15.5980,-0.27,0.09,0.01
2021-03-04 17:29:15.6160,-0.19,0.06,0.04
2021-03-04 17:29:15.6180,-0.13,0.01,0.08
2021-03-04 17:29:15.6280,-0.05,-0.02,0.13
2021-03-04 17:29:15.6380,-0.01,0.05,0.14
2021-03-04 17:29:15.6470,-0.01,0.05,0.08
2021-03-04 17:29:15.6580,0.02,0.04,0.02
2021-03-04 17:29:15.6680,0.05,0,0
2021-03-04 17:29:15.6780,0.06,-0.1,0
2021-03-04 17:29:15.6880,0.07,-0.2,-0.01
2021-03-04 17:29:15.6970,0.14,-0.21,0.01
2021-03-04 17:29:15.7170,0.2,-0.12,0.02
2021-03-04 17:29:15.7190,0.23,-0.02,0.01
2021-03-04 17:29:15.7270,0.24,0.04,-0.04
2021-03-04 17:29:15.7370,0.19,0.1,-0.07
2021-03-04 17:29:15.7470,0.1,0.21,-0.06
2021-03-04 17:29:15.7570,0.02,0.25,-0.03
2021-03-04 17:29:15.7670,-0.02,0.16,-0.01
2021-03-04 17:29:15.7770,0.03,0,0.01
2021-03-04 17:29:15.7880,0.08,-0.11,0.06
2021-03-04 17:29:15.7970,0.07,-0.13,0.11
2021-03-04 17:29:15.8140,0.06,-0.1,0.1
2021-03-04 17:29:15.8170,0.07,-0.07,0.06
2021-03-04 17:29:15.8260,0.1,-0.03,0.03
2021-03-04 17:29:15.8360,0.13,-0.01,0.03
2021-03-04 17:29:15.8460,0.15,-0.06,0.04
2021-03-04 17:29:15.8560,0.16,-0.08,0.08
2021-03-04 17:29:15.8660,0.16,-0.09,0.08
2021-03-04 17:29:15.8770,0.15,-0.08,0.05
2021-03-04 17:29:15.8870,0.14,-0.05,0
2021-03-04 17:29:15.8960,0.11,0.01,-0.02
2021-03-04 17:29:15.9130,0.08,0.12,0
2021-03-04 17:29:15.9160,0.06,0.21,0.01
2021-03-04 17:29:15.9260,0.03,0.19,0
2021-03-04 17:29:15.9350,0.01,0.09,0
2021-03-04 17:29:15.9460,0.03,0,0
2021-03-04 17:29:15.9560,0.04,-0.09,0.03
2021-03-04 17:29:15.9660,0.07,-0.11,0.05
2021-03-04 17:29:15.9760,0.05,-0.15,-0.14
2021-03-04 17:29:15.9860,0.02,-0.33,-0.06
2021-03-04 17:29:15.9960,0.07,0.02,0.08
2021-03-04 17:29:16.0150,0.09,0.25,0
2021-03-04 17:29:16.0170,0.07,0.23,0.01
2021-03-04 17:29:16.0250,0.01,0.3,0
2021-03-04 17:29:16.0350,0.01,0.21,0.05
2021-03-04 17:29:16.0450,-0.02,0.13,0.04
