time,ax,ay,az,atotal
2021-03-04 17:28:14.5550,-0.04,0.08,-0.1,0.13
2021-03-04 17:28:14.5650,-0.01,-0.07,-0.04,0.08
2021-03-04 17:28:14.5760,-0.03,0.01,0.06,0.06
2021-03-04 17:28:14.5850,-0.04,0.09,0.14,0.17
2021-03-04 17:28:14.5950,-0.03,0.05,0.12,0.13
2021-03-04 17:28:14.6060,-0.01,0.0,0.04,0.04
2021-03-04 17:28:14.6240,0.01,-0.01,-0.04,0.04
2021-03-04 17:28:14.6260,0.01,0.02,-0.06,0.06
2021-03-04 17:28:14.6350,-0.04,0.04,-0.06,0.08
2021-03-04 17:28:14.6450,-0.1,0.04,-0.04,0.11
2021-03-04 17:28:14.6550,-0.14,0.04,-0.07,0.16
2021-03-04 17:28:14.6650,-0.13,0.04,-0.12,0.18
2021-03-04 17:28:14.6750,-0.11,0.05,-0.13,0.17
2021-03-04 17:28:14.6850,-0.14,0.0,-0.13,0.19
2021-03-04 17:28:14.6950,-0.12,-0.02,-0.13,0.17
2021-03-04 17:28:14.7050,-0.08,-0.05,-0.09,0.13
2021-03-04 17:28:14.7230,-0.07,-0.06,-0.04,0.1
2021-03-04 17:28:14.7250,-0.07,-0.05,-0.02,0.08
2021-03-04 17:28:14.7340,-0.12,0.0,-0.02,0.12
2021-03-04 17:28:14.7440,-0.16,0.05,-0.07,0.18
2021-03-04 17:28:14.7550,-0.2,0.08,-0.12,0.24
2021-03-04 17:28:14.7640,-0.2,0.08,-0.14,0.25
2021-03-04 17:28:14.7740,-0.17,0.09,-0.11,0.22
2021-03-04 17:28:14.7850,-0.14,0.08,-0.05,0.16
2021-03-04 17:28:14.7940,-0.15,0.05,0.02,0.15
2021-03-04 17:28:14.8040,-0.18,0.03,0.04,0.18
2021-03-04 17:28:14.8220,-0.17,0.01,0.01,0.17
2021-03-04 17:28:14.8250,-0.13,-0.02,-0.05,0.14
2021-03-04 17:28:14.8330,-0.08,-0.03,-0.08,0.11
2021-03-04 17:28:14.8430,-0.06,0.01,-0.08,0.1
2021-03-04 17:28:14.8540,-0.05,0.03,-0.05,0.07
2021-03-04 17:28:14.8640,-0.02,0.07,-0.06,0.09
2021-03-04 17:28:14.8740,0.03,0.1,-0.03,0.1
2021-03-04 17:28:14.8830,0.06,0.1,0.03,0.12
2021-03-04 17:28:14.8930,0.09,0.05,0.06,0.11
2021-03-04 17:28:14.9030,0.14,-0.02,0.01,0.14
2021-03-04 17:28:14.9210,0.14,-0.04,-0.02,0.14
2021-03-04 17:28:14.9230,0.11,-0.05,-0.01,0.12
2021-03-04 17:28:14.9330,0.05,-0.03,-0.02,0.06
2021-03-04 17:28:14.9430,0.01,0.02,-0.02,0.03
2021-03-04 17:28:14.9530,0.01,0.06,0.0,0.06
2021-03-04 17:28:14.9630,0.01,0.06,0.01,0.06
2021-03-04 17:28:14.9730,-0.01,0.05,0.01,0.05
2021-03-04 17:28:14.9830,-0.03,0.04,-0.02,0.05
2021-03-04 17:28:14.9930,-0.03,0.02,-0.05,0.06
2021-03-04 17:28:15.0030,-0.01,0.01,-0.07,0.07
2021-03-04 17:28:15.0210,0.0,0.01,-0.06,0.06
2021-03-04 17:28:15.0230,-0.01,0.03,-0.04,0.05
2021-03-04 17:28:15.0330,-0.04,0.05,0.01,0.06
2021-03-04 17:28:15.0420,-0.09,0.06,0.0,0.1
2021-03-04 17:28:15.0520,-0.12,0.05,-0.02,0.13
2021-03-04 17:28:15.0630,-0.1,0.04,-0.02,0.1
2021-03-04 17:28:15.0720,-0.06,0.02,0.0,0.06
2021-03-04 17:28:15.0820,-0.01,-0.01,0.02,0.02
2021-03-04 17:28:15.0920,0.02,0.0,0.04,0.04
2021-03-04 17:28:15.1030,0.01,0.02,0.05,0.05
2021-03-04 17:28:15.1220,-0.02,0.09,0.02,0.09
2021-03-04 17:28:15.1240,-0.03,0.13,-0.06,0.14
2021-03-04 17:28:15.1320,-0.01,0.12,-0.1,0.15
2021-03-04 17:28:15.1410,0.02,0.09,-0.09,0.12
2021-03-04 17:28:15.1520,0.07,0.07,-0.08,0.12
2021-03-04 17:28:15.1610,0.11,0.05,-0.08,0.14
2021-03-04 17:28:15.1720,0.17,0.0,-0.08,0.18
2021-03-04 17:28:15.1820,0.22,-0.02,-0.15,0.26
2021-03-04 17:28:15.1910,0.27,0.0,-0.28,0.38
2021-03-04 17:28:15.2020,0.26,0.0,-0.33,0.42
2021-03-04 17:28:15.2210,0.26,-0.01,-0.3,0.39
2021-03-04 17:28:15.2220,0.26,-0.04,-0.16,0.3
2021-03-04 17:28:15.2310,0.23,-0.05,-0.02,0.23
2021-03-04 17:28:15.2410,0.18,0.0,0.13,0.22
2021-03-04 17:28:15.2510,0.09,0.02,0.22,0.23
2021-03-04 17:28:15.2610,-0.01,0.03,0.21,0.21
2021-03-04 17:28:15.2710,-0.1,0.02,0.1,0.14
2021-03-04 17:28:15.2810,-0.14,0.0,0.0,0.14
2021-03-04 17:28:15.2910,-0.09,-0.02,-0.04,0.1
2021-03-04 17:28:15.3010,0.0,-0.03,0.0,0.03
2021-03-04 17:28:15.3200,0.14,-0.03,0.07,0.15
2021-03-04 17:28:15.3220,0.3,-0.05,0.12,0.32
2021-03-04 17:28:15.3300,0.36,-0.07,0.11,0.38
2021-03-04 17:28:15.3400,0.34,-0.07,0.05,0.35
2021-03-04 17:28:15.3500,0.25,-0.04,-0.04,0.25
2021-03-04 17:28:15.3600,0.06,-0.01,-0.1,0.11
2021-03-04 17:28:15.3710,-0.12,0.03,-0.11,0.16
2021-03-04 17:28:15.3810,-0.24,0.08,-0.13,0.28
2021-03-04 17:28:15.3900,-0.25,0.1,-0.11,0.29
2021-03-04 17:28:15.4000,-0.19,0.09,-0.03,0.21
2021-03-04 17:28:15.4200,-0.1,0.05,0.05,0.12
2021-03-04 17:28:15.4220,-0.01,-0.01,0.1,0.1
2021-03-04 17:28:15.4300,0.03,-0.07,0.11,0.13
2021-03-04 17:28:15.4400,0.05,-0.09,0.13,0.16
2021-03-04 17:28:15.4490,0.05,-0.06,0.12,0.14
2021-03-04 17:28:15.4600,0.06,0.01,0.11,0.12
2021-03-04 17:28:15.4700,0.05,0.07,0.1,0.13
2021-03-04 17:28:15.4790,0.05,0.11,0.09,0.15
2021-03-04 17:28:15.4900,0.04,0.12,0.05,0.13
2021-03-04 17:28:15.5000,0.02,0.13,0.02,0.13
2021-03-04 17:28:15.5190,0.03,0.12,0.01,0.12
2021-03-04 17:28:15.5210,0.05,0.07,-0.01,0.08
2021-03-04 17:28:15.5290,0.05,0.02,-0.03,0.06
2021-03-04 17:28:15.5390,0.03,-0.03,-0.05,0.06
2021-03-04 17:28:15.5490,0.02,-0.05,-0.07,0.08
2021-03-04 17:28:15.5590,0.02,-0.03,-0.1,0.1
2021-03-04 17:28:15.5690,0.04,0.01,-0.08,0.09
2021-03-04 17:28:15.5780,0.03,0.04,-0.05,0.07
2021-03-04 17:28:15.5890,0.04,0.03,-0.08,0.09
2021-03-04 17:28:15.5990,0.04,0.02,-0.11,0.11
2021-03-04 17:28:15.6180,0.02,0.01,-0.06,0.06
2021-03-04 17:28:15.6210,0.01,0.0,0.0,0.01
2021-03-04 17:28:15.6280,0.02,-0.01,0.04,0.04
2021-03-04 17:28:15.6380,0.04,-0.01,0.06,0.07
2021-03-04 17:28:15.6480,0.02,0.01,0.08,0.08
2021-03-04 17:28:15.6580,-0.05,0.02,0.07,0.08
2021-03-04 17:28:15.6690,-0.12,0.04,0.01,0.12
2021-03-04 17:28:15.6780,-0.13,0.06,-0.03,0.14
2021-03-04 17:28:15.6880,-0.09,0.07,-0.03,0.11
2021-03-04 17:28:15.6980,-0.04,0.09,0.01,0.09
2021-03-04 17:28:15.7180,0.03,0.1,0.06,0.12
2021-03-04 17:28:15.7200,0.05,0.08,0.13,0.16
2021-03-04 17:28:15.7280,-0.03,0.05,0.16,0.17
2021-03-04 17:28:15.7380,-0.14,0.0,0.14,0.19
2021-03-04 17:28:15.7480,-0.21,-0.03,0.1,0.23
2021-03-04 17:28:15.7580,-0.24,-0.05,0.02,0.24
2021-03-04 17:28:15.7670,-0.24,-0.05,-0.04,0.24
2021-03-04 17:28:15.7780,-0.21,0.02,-0.05,0.21
2021-03-04 17:28:15.7870,-0.15,0.11,-0.06,0.19
2021-03-04 17:28:15.7970,-0.1,0.15,-0.06,0.19
2021-03-04 17:28:15.8160,-0.04,0.14,-0.05,0.15
2021-03-04 17:28:15.8190,0.03,0.09,-0.08,0.12
2021-03-04 17:28:15.8270,0.1,0.0,-0.06,0.11
2021-03-04 17:28:15.8370,0.15,-0.08,-0.04,0.17
2021-03-04 17:28:15.8470,0.19,-0.13,-0.02,0.23
2021-03-04 17:28:15.8570,0.19,-0.12,-0.03,0.22
2021-03-04 17:28:15.8670,0.17,-0.04,-0.06,0.18
2021-03-04 17:28:15.8770,0.12,0.06,-0.11,0.17
2021-03-04 17:28:15.8870,0.06,0.11,-0.13,0.18
2021-03-04 17:28:15.8970,0.02,0.12,-0.15,0.19
2021-03-04 17:28:15.9160,0.0,0.08,-0.16,0.17
2021-03-04 17:28:15.9190,-0.02,0.02,-0.17,0.17
2021-03-04 17:28:15.9260,-0.01,-0.05,-0.15,0.15
2021-03-04 17:28:15.9360,0.02,-0.08,-0.11,0.13
2021-03-04 17:28:15.9460,0.01,-0.09,-0.08,0.12
2021-03-04 17:28:15.9560,-0.01,-0.09,-0.04,0.09
2021-03-04 17:28:15.9660,-0.05,-0.04,-0.03,0.07
2021-03-04 17:28:15.9770,-0.06,-0.01,-0.07,0.09
2021-03-04 17:28:15.9860,-0.09,0.02,-0.12,0.15
2021-03-04 17:28:15.9960,-0.11,0.05,-0.18,0.21
2021-03-04 17:28:16.0150,-0.16,0.08,-0.22,0.28
2021-03-04 17:28:16.0170,-0.16,0.08,-0.22,0.28
2021-03-04 17:28:16.0260,-0.15,0.07,-0.24,0.29
2021-03-04 17:28:16.0360,-0.12,0.04,-0.24,0.27
2021-03-04 17:28:16.0450,-0.08,-0.01,-0.22,0.23
2021-03-04 17:28:16.0550,-0.08,-0.04,-0.19,0.21
2021-03-04 17:28:16.0660,-0.07,-0.02,-0.17,0.18
2021-03-04 17:28:16.0760,-0.07,0.0,-0.18,0.19
2021-03-04 17:28:16.0860,-0.06,0.02,-0.18,0.19
2021-03-04 17:28:16.0950,-0.08,0.0,-0.16,0.17
2021-03-04 17:28:16.1140,-0.08,-0.01,-0.11,0.13
2021-03-04 17:28:16.1160,-0.07,-0.06,-0.06,0.11
2021-03-04 17:28:16.1250,-0.04,-0.1,0.01,0.1
2021-03-04 17:28:16.1350,0.04,-0.06,0.1,0.12
2021-03-04 17:28:16.1450,0.1,-0.02,0.15,0.18
2021-03-04 17:28:16.1550,0.08,0.02,0.13,0.15
2021-03-04 17:28:16.1650,0.01,0.07,0.1,0.12
2021-03-04 17:28:16.1750,-0.06,0.15,0.07,0.17
2021-03-04 17:28:16.1850,-0.14,0.16,0.02,0.21
2021-03-04 17:28:16.1940,-0.19,0.1,-0.04,0.21
2021-03-04 17:28:16.2130,-0.18,0.04,-0.1,0.2
2021-03-04 17:28:16.2150,-0.1,0.0,-0.08,0.12
2021-03-04 17:28:16.2240,0.0,-0.01,-0.04,0.04
2021-03-04 17:28:16.2340,0.08,-0.01,0.06,0.1
2021-03-04 17:28:16.2440,0.11,-0.05,0.17,0.2
2021-03-04 17:28:16.2540,0.11,-0.09,0.22,0.26
2021-03-04 17:28:16.2640,0.07,-0.1,0.22,0.25
2021-03-04 17:28:16.2750,0.01,-0.09,0.19,0.21
2021-03-04 17:28:16.2840,-0.05,-0.03,0.16,0.17
2021-03-04 17:28:16.2940,-0.12,0.09,0.14,0.2
2021-03-04 17:28:16.3120,-0.19,0.18,0.13,0.29
2021-03-04 17:28:16.3140,-0.26,0.19,0.08,0.33
2021-03-04 17:28:16.3230,-0.28,0.15,0.07,0.32
2021-03-04 17:28:16.3340,-0.26,0.1,0.05,0.28
2021-03-04 17:28:16.3430,-0.18,0.04,0.06,0.19
2021-03-04 17:28:16.3540,-0.09,0.01,0.07,0.11
2021-03-04 17:28:16.3640,0.01,0.0,0.07,0.07
2021-03-04 17:28:16.3730,0.08,0.0,0.07,0.1
2021-03-04 17:28:16.3840,0.09,-0.01,0.01,0.09
2021-03-04 17:28:16.3930,0.07,-0.04,-0.07,0.1
2021-03-04 17:28:16.4130,0.04,-0.06,-0.14,0.15
2021-03-04 17:28:16.4150,0.04,-0.07,-0.17,0.18
2021-03-04 17:28:16.4230,0.08,-0.06,-0.19,0.21
2021-03-04 17:28:16.4330,0.13,-0.04,-0.17,0.21
2021-03-04 17:28:16.4430,0.15,-0.02,-0.13,0.19
2021-03-04 17:28:16.4530,0.13,-0.01,-0.1,0.16
2021-03-04 17:28:16.4630,0.09,0.03,-0.03,0.09
2021-03-04 17:28:16.4730,0.03,0.05,-0.01,0.05
2021-03-04 17:28:16.4830,-0.03,0.03,0.0,0.04
2021-03-04 17:28:16.4930,-0.11,0.01,-0.04,0.11
2021-03-04 17:28:16.5120,-0.16,0.02,-0.07,0.17
2021-03-04 17:28:16.5140,-0.23,0.06,-0.14,0.27
2021-03-04 17:28:16.5220,-0.29,0.13,-0.22,0.38
2021-03-04 17:28:16.5320,-0.3,0.15,-0.24,0.41
2021-03-04 17:28:16.5420,-0.31,0.15,-0.19,0.39
2021-03-04 17:28:16.5520,-0.29,0.12,-0.14,0.34
2021-03-04 17:28:16.5620,-0.25,0.05,-0.1,0.27
2021-03-04 17:28:16.5730,-0.18,0.0,-0.1,0.2
2021-03-04 17:28:16.5820,-0.09,-0.06,-0.12,0.16
2021-03-04 17:28:16.5920,-0.06,-0.08,-0.16,0.18
2021-03-04 17:28:16.6110,-0.03,-0.07,-0.22,0.23
2021-03-04 17:28:16.6130,0.02,-0.01,-0.28,0.28
2021-03-04 17:28:16.6220,0.07,0.05,-0.3,0.31
2021-03-04 17:28:16.6310,0.1,0.09,-0.28,0.31
2021-03-04 17:28:16.6420,0.13,0.06,-0.25,0.28
2021-03-04 17:28:16.6520,0.16,-0.02,-0.22,0.27
2021-03-04 17:28:16.6620,0.16,-0.07,-0.2,0.26
2021-03-04 17:28:16.6710,0.15,-0.07,-0.16,0.23
2021-03-04 17:28:16.6820,0.12,-0.06,-0.17,0.21
2021-03-04 17:28:16.6910,0.1,-0.04,-0.22,0.24
2021-03-04 17:28:16.7110,0.08,0.0,-0.23,0.24
2021-03-04 17:28:16.7130,0.05,0.04,-0.23,0.23
2021-03-04 17:28:16.7210,0.01,0.07,-0.23,0.24
2021-03-04 17:28:16.7310,-0.03,0.07,-0.23,0.24
2021-03-04 17:28:16.7410,-0.05,0.02,-0.23,0.23
2021-03-04 17:28:16.7510,-0.04,-0.01,-0.2,0.2
2021-03-04 17:28:16.7610,-0.03,-0.04,-0.18,0.18
2021-03-04 17:28:16.7710,-0.01,-0.05,-0.19,0.19
2021-03-04 17:28:16.7810,0.04,-0.06,-0.17,0.18
2021-03-04 17:28:16.7910,0.07,-0.03,-0.19,0.2
2021-03-04 17:28:16.8110,0.04,0.04,-0.23,0.23
2021-03-04 17:28:16.8130,0.03,0.08,-0.23,0.24
2021-03-04 17:28:16.8200,0.01,0.09,-0.23,0.24
2021-03-04 17:28:16.8300,-0.02,0.08,-0.23,0.24
2021-03-04 17:28:16.8400,-0.04,0.04,-0.19,0.19
2021-03-04 17:28:16.8500,-0.03,0.0,-0.14,0.14
2021-03-04 17:28:16.8600,-0.03,-0.03,-0.08,0.09
2021-03-04 17:28:16.8710,-0.02,-0.04,-0.03,0.05
2021-03-04 17:28:16.8800,-0.02,-0.03,-0.03,0.04
2021-03-04 17:28:16.8900,-0.02,-0.01,-0.05,0.05
2021-03-04 17:28:16.9110,-0.01,0.03,-0.07,0.07
2021-03-04 17:28:16.9130,0.01,0.08,-0.06,0.1
2021-03-04 17:28:16.9200,0.04,0.12,-0.06,0.13
2021-03-04 17:28:16.9290,0.05,0.11,-0.05,0.13
2021-03-04 17:28:16.9400,0.01,0.07,-0.07,0.09
2021-03-04 17:28:16.9490,-0.04,0.04,-0.1,0.11
2021-03-04 17:28:16.9600,-0.05,0.01,-0.13,0.13
2021-03-04 17:28:16.9700,-0.04,-0.03,-0.16,0.16
2021-03-04 17:28:16.9790,-0.07,-0.03,-0.14,0.15
2021-03-04 17:28:16.9890,-0.11,0.01,-0.1,0.14
2021-03-04 17:28:17.0090,-0.12,0.07,-0.06,0.15
2021-03-04 17:28:17.0110,-0.11,0.1,-0.05,0.15
2021-03-04 17:28:17.0190,-0.1,0.1,-0.04,0.14
2021-03-04 17:28:17.0290,-0.08,0.06,-0.08,0.12
2021-03-04 17:28:17.0390,-0.06,0.04,-0.12,0.13
2021-03-04 17:28:17.0490,-0.09,0.04,-0.07,0.12
2021-03-04 17:28:17.0590,-0.13,0.03,-0.02,0.13
2021-03-04 17:28:17.0690,-0.14,-0.01,0.01,0.14
2021-03-04 17:28:17.0790,-0.14,-0.05,0.02,0.15
2021-03-04 17:28:17.0890,-0.14,-0.06,0.02,0.15
2021-03-04 17:28:17.1070,-0.15,-0.04,-0.02,0.15
2021-03-04 17:28:17.1090,-0.13,0.0,-0.06,0.14
2021-03-04 17:28:17.1180,-0.11,0.05,-0.1,0.15
2021-03-04 17:28:17.1280,-0.08,0.1,-0.15,0.19
2021-03-04 17:28:17.1380,-0.08,0.14,-0.15,0.22
2021-03-04 17:28:17.1480,-0.12,0.16,-0.18,0.26
2021-03-04 17:28:17.1590,-0.19,0.13,-0.23,0.32
2021-03-04 17:28:17.1680,-0.21,0.08,-0.25,0.33
2021-03-04 17:28:17.1780,-0.19,0.03,-0.2,0.27
2021-03-04 17:28:17.1880,-0.16,-0.02,-0.16,0.22
2021-03-04 17:28:17.2080,-0.04,-0.11,-0.13,0.17
2021-03-04 17:28:17.2100,0.03,-0.16,-0.1,0.19
2021-03-04 17:28:17.2180,0.1,-0.11,-0.08,0.16
2021-03-04 17:28:17.2280,0.29,-0.03,-0.09,0.3
2021-03-04 17:28:17.2380,0.4,0.06,-0.09,0.41
2021-03-04 17:28:17.2470,0.43,0.06,-0.12,0.45
2021-03-04 17:28:17.2580,0.41,0.01,-0.17,0.44
2021-03-04 17:28:17.2680,0.3,-0.05,-0.15,0.33
2021-03-04 17:28:17.2770,0.15,-0.1,-0.11,0.21
2021-03-04 17:28:17.2880,0.11,-0.07,-0.08,0.15
2021-03-04 17:28:17.3070,0.13,-0.01,-0.05,0.13
2021-03-04 17:28:17.3100,0.14,0.06,-0.05,0.16
2021-03-04 17:28:17.3170,0.13,0.1,-0.02,0.16
2021-03-04 17:28:17.3270,0.14,0.09,0.02,0.16
2021-03-04 17:28:17.3370,0.15,0.05,0.04,0.16
2021-03-04 17:28:17.3470,0.17,0.0,0.09,0.19
2021-03-04 17:28:17.3570,0.14,-0.04,0.16,0.21
2021-03-04 17:28:17.3670,0.08,-0.06,0.19,0.21
2021-03-04 17:28:17.3770,0.03,-0.03,0.17,0.17
2021-03-04 17:28:17.3870,0.01,0.03,0.08,0.08
2021-03-04 17:28:17.4060,-0.01,0.09,0.01,0.09
2021-03-04 17:28:17.4080,-0.01,0.12,-0.04,0.12
2021-03-04 17:28:17.4160,0.01,0.11,-0.07,0.13
2021-03-04 17:28:17.4260,0.04,0.07,-0.07,0.1
2021-03-04 17:28:17.4360,0.06,0.06,-0.03,0.09
2021-03-04 17:28:17.4460,0.04,0.05,0.01,0.06
2021-03-04 17:28:17.4560,0.01,0.08,0.03,0.08
2021-03-04 17:28:17.4660,-0.05,0.05,0.02,0.07
2021-03-04 17:28:17.4760,-0.11,0.06,0.05,0.13
2021-03-04 17:28:17.4860,-0.14,0.06,0.03,0.15
2021-03-04 17:28:17.5050,-0.14,0.01,0.04,0.14
2021-03-04 17:28:17.5060,-0.14,-0.04,0.06,0.15
2021-03-04 17:28:17.5160,-0.17,-0.06,0.12,0.21
2021-03-04 17:28:17.5260,-0.18,-0.07,0.13,0.23
2021-03-04 17:28:17.5350,-0.18,-0.02,0.13,0.22
2021-03-04 17:28:17.5450,-0.17,0.09,0.11,0.22
2021-03-04 17:28:17.5560,-0.12,0.16,0.09,0.21
2021-03-04 17:28:17.5660,-0.05,0.17,0.06,0.18
2021-03-04 17:28:17.5750,0.0,0.13,0.04,0.13
2021-03-04 17:28:17.5860,0.01,0.06,0.03,0.06
2021-03-04 17:28:17.6040,0.07,0.01,0.01,0.07
2021-03-04 17:28:17.6060,0.07,-0.06,-0.02,0.09
2021-03-04 17:28:17.6150,0.08,-0.08,0.01,0.11
2021-03-04 17:28:17.6250,0.02,-0.03,0.03,0.04
2021-03-04 17:28:17.6350,-0.04,0.03,-0.02,0.05
2021-03-04 17:28:17.6450,-0.01,0.05,-0.1,0.11
2021-03-04 17:28:17.6550,0.02,0.07,-0.09,0.11
2021-03-04 17:28:17.6650,-0.02,0.09,-0.03,0.09
2021-03-04 17:28:17.6750,-0.1,0.06,-0.01,0.11
2021-03-04 17:28:17.6850,-0.09,-0.02,-0.05,0.1
2021-03-04 17:28:17.7030,-0.07,-0.05,0.0,0.08
2021-03-04 17:28:17.7050,-0.1,-0.03,0.05,0.11
2021-03-04 17:28:17.7140,-0.08,-0.02,0.06,0.1
2021-03-04 17:28:17.7240,-0.05,0.04,0.01,0.06
2021-03-04 17:28:17.7340,0.03,0.08,-0.02,0.08
2021-03-04 17:28:17.7440,0.08,0.08,0.0,0.11
2021-03-04 17:28:17.7550,0.05,0.05,0.03,0.07
2021-03-04 17:28:17.7640,0.0,0.02,0.01,0.02
2021-03-04 17:28:17.7740,-0.02,0.01,-0.05,0.05
2021-03-04 17:28:17.7840,0.02,0.05,-0.08,0.09
2021-03-04 17:28:17.8030,0.0,0.08,-0.09,0.12
2021-03-04 17:28:17.8050,-0.05,0.07,-0.11,0.13
2021-03-04 17:28:17.8140,-0.03,0.08,-0.1,0.13
2021-03-04 17:28:17.8230,-0.03,0.05,-0.05,0.07
2021-03-04 17:28:17.8330,-0.07,0.0,0.01,0.07
2021-03-04 17:28:17.8440,-0.05,-0.03,0.03,0.06
2021-03-04 17:28:17.8540,-0.03,-0.07,0.06,0.09
2021-03-04 17:28:17.8630,-0.08,-0.02,0.06,0.1
2021-03-04 17:28:17.8740,-0.01,0.07,0.05,0.08
2021-03-04 17:28:17.8840,0.06,0.07,0.04,0.1
2021-03-04 17:28:17.9010,0.03,0.07,-0.01,0.07
2021-03-04 17:28:17.9040,-0.04,0.1,-0.04,0.11
2021-03-04 17:28:17.9130,-0.06,0.07,-0.08,0.12
2021-03-04 17:28:17.9230,0.05,0.0,-0.11,0.12
2021-03-04 17:28:17.9330,0.02,-0.05,-0.11,0.12
2021-03-04 17:28:17.9440,0.0,-0.08,-0.07,0.1
2021-03-04 17:28:17.9530,-0.03,-0.05,-0.05,0.07
2021-03-04 17:28:17.9630,-0.01,0.03,-0.03,0.04
2021-03-04 17:28:17.9730,0.09,0.09,-0.1,0.16
2021-03-04 17:28:17.9830,0.17,0.07,-0.16,0.24
2021-03-04 17:28:18.0010,0.22,-0.01,-0.12,0.25
2021-03-04 17:28:18.0030,0.21,-0.06,-0.03,0.22
2021-03-04 17:28:18.0120,0.14,-0.06,0.03,0.15
2021-03-04 17:28:18.0220,0.12,-0.04,0.03,0.13
2021-03-04 17:28:18.0320,0.05,-0.03,0.03,0.06
2021-03-04 17:28:18.0420,-0.02,-0.03,0.05,0.06
2021-03-04 17:28:18.0530,-0.04,-0.01,0.04,0.05
2021-03-04 17:28:18.0620,0.02,0.0,0.02,0.02
2021-03-04 17:28:18.0720,0.08,-0.01,0.03,0.08
2021-03-04 17:28:18.0820,0.09,-0.04,0.12,0.15
2021-03-04 17:28:18.1000,0.05,-0.08,0.2,0.22
2021-03-04 17:28:18.1020,-0.01,-0.08,0.21,0.22
2021-03-04 17:28:18.1120,-0.13,-0.01,0.17,0.21
2021-03-04 17:28:18.1220,-0.23,0.11,0.05,0.25
2021-03-04 17:28:18.1310,-0.29,0.2,-0.01,0.35
2021-03-04 17:28:18.1410,-0.31,0.24,-0.01,0.39
2021-03-04 17:28:18.1520,-0.23,0.16,-0.03,0.28
2021-03-04 17:28:18.1620,-0.1,0.07,-0.05,0.13
2021-03-04 17:28:18.1720,0.07,-0.02,-0.05,0.08
2021-03-04 17:28:18.1810,0.26,-0.12,0.0,0.28
2021-03-04 17:28:18.2000,0.41,-0.17,0.04,0.44
2021-03-04 17:28:18.2030,0.46,-0.17,-0.01,0.49
2021-03-04 17:28:18.2110,0.46,-0.11,-0.13,0.49
2021-03-04 17:28:18.2210,0.4,0.0,-0.21,0.45
2021-03-04 17:28:18.2310,0.3,0.09,-0.23,0.38
2021-03-04 17:28:18.2410,0.19,0.1,-0.23,0.31
2021-03-04 17:28:18.2510,0.08,0.03,-0.15,0.17
2021-03-04 17:28:18.2610,0.07,0.0,-0.05,0.08
2021-03-04 17:28:18.2710,0.11,-0.09,0.05,0.15
2021-03-04 17:28:18.2810,0.14,-0.18,0.11,0.25
2021-03-04 17:28:18.3000,0.13,-0.16,0.09,0.22
2021-03-04 17:28:18.3030,0.01,-0.08,0.15,0.17
2021-03-04 17:28:18.3100,-0.13,0.06,0.19,0.23
2021-03-04 17:28:18.3200,-0.28,0.27,0.14,0.41
2021-03-04 17:28:18.3300,-0.44,0.42,0.04,0.6
2021-03-04 17:28:18.3410,-0.5,0.39,-0.11,0.64
2021-03-04 17:28:18.3510,-0.41,0.24,-0.16,0.5
2021-03-04 17:28:18.3600,-0.34,0.14,-0.11,0.38
2021-03-04 17:28:18.3700,-0.22,0.07,-0.07,0.24
2021-03-04 17:28:18.3800,-0.07,0.01,0.0,0.07
2021-03-04 17:28:18.3990,0.01,-0.03,0.11,0.11
2021-03-04 17:28:18.4020,-0.02,-0.03,0.17,0.17
2021-03-04 17:28:18.4100,-0.04,0.01,0.15,0.15
2021-03-04 17:28:18.4190,-0.11,0.01,0.1,0.14
2021-03-04 17:28:18.4290,-0.22,0.01,0.07,0.23
2021-03-04 17:28:18.4400,-0.31,0.01,0.04,0.31
2021-03-04 17:28:18.4500,-0.35,0.02,-0.01,0.35
2021-03-04 17:28:18.4590,-0.37,0.03,-0.05,0.37
2021-03-04 17:28:18.4700,-0.32,0.04,-0.05,0.32
2021-03-04 17:28:18.4790,-0.25,0.05,-0.04,0.25
2021-03-04 17:28:18.4970,-0.2,0.08,0.0,0.21
2021-03-04 17:28:18.5000,-0.16,0.09,0.04,0.18
2021-03-04 17:28:18.5090,-0.14,0.08,0.05,0.16
2021-03-04 17:28:18.5190,-0.1,0.06,0.02,0.11
2021-03-04 17:28:18.5290,-0.07,0.04,-0.01,0.08
2021-03-04 17:28:18.5390,-0.01,0.02,-0.06,0.06
2021-03-04 17:28:18.5490,0.05,0.01,-0.09,0.1
2021-03-04 17:28:18.5590,0.09,0.01,-0.1,0.13
2021-03-04 17:28:18.5690,0.13,0.01,-0.1,0.16
2021-03-04 17:28:18.5780,0.17,0.02,-0.09,0.19
2021-03-04 17:28:18.5960,0.17,0.02,-0.09,0.19
2021-03-04 17:28:18.5980,0.17,0.02,-0.1,0.19
2021-03-04 17:28:18.6080,0.14,0.04,-0.12,0.18
2021-03-04 17:28:18.6180,0.12,0.06,-0.18,0.22
2021-03-04 17:28:18.6280,0.11,0.1,-0.23,0.27
2021-03-04 17:28:18.6380,0.07,0.12,-0.24,0.27
2021-03-04 17:28:18.6480,0.04,0.09,-0.19,0.21
2021-03-04 17:28:18.6580,0.1,0.06,-0.13,0.17
2021-03-04 17:28:18.6680,0.22,0.01,-0.05,0.22
2021-03-04 17:28:18.6780,0.32,-0.06,-0.02,0.32
2021-03-04 17:28:18.6960,0.36,-0.11,0.02,0.37
2021-03-04 17:28:18.6990,0.39,-0.16,0.05,0.42
2021-03-04 17:28:18.7080,0.34,-0.16,0.08,0.38
2021-03-04 17:28:18.7170,0.21,-0.16,0.06,0.27
2021-03-04 17:28:18.7270,0.1,-0.1,0.04,0.14
2021-03-04 17:28:18.7380,-0.01,-0.01,0.02,0.02
2021-03-04 17:28:18.7480,-0.12,0.06,0.0,0.13
2021-03-04 17:28:18.7570,-0.2,0.1,-0.01,0.22
2021-03-04 17:28:18.7680,-0.22,0.11,-0.02,0.24
2021-03-04 17:28:18.7770,-0.24,0.1,0.0,0.26
2021-03-04 17:28:18.7960,-0.22,0.09,0.03,0.23
2021-03-04 17:28:18.7980,-0.22,0.06,0.04,0.23
2021-03-04 17:28:18.8070,-0.21,0.02,0.02,0.21
2021-03-04 17:28:18.8170,-0.18,-0.04,-0.02,0.18
2021-03-04 17:28:18.8270,-0.16,-0.05,-0.04,0.17
2021-03-04 17:28:18.8370,-0.16,-0.04,-0.06,0.17
2021-03-04 17:28:18.8470,-0.14,-0.01,-0.06,0.15
2021-03-04 17:28:18.8570,-0.08,0.04,-0.02,0.09
2021-03-04 17:28:18.8670,-0.04,0.12,0.02,0.12
2021-03-04 17:28:18.8770,0.02,0.18,0.03,0.18
2021-03-04 17:28:18.8960,0.08,0.17,0.06,0.19
2021-03-04 17:28:18.8980,0.11,0.12,0.09,0.18
2021-03-04 17:28:18.9060,0.09,0.08,0.07,0.13
2021-03-04 17:28:18.9160,0.06,0.08,0.01,0.1
2021-03-04 17:28:18.9260,0.05,0.07,-0.01,0.08
2021-03-04 17:28:18.9370,0.02,0.04,-0.02,0.04
2021-03-04 17:28:18.9460,0.04,0.01,-0.01,0.04
2021-03-04 17:28:18.9560,0.04,-0.01,0.04,0.05
2021-03-04 17:28:18.9670,0.05,-0.01,0.07,0.08
2021-03-04 17:28:18.9760,0.04,-0.02,0.1,0.1
2021-03-04 17:28:18.9950,0.02,0.0,0.11,0.11
2021-03-04 17:28:18.9970,0.0,0.04,0.1,0.1
2021-03-04 17:28:19.0060,0.03,0.08,0.09,0.12
2021-03-04 17:28:19.0150,0.05,0.1,0.11,0.15
2021-03-04 17:28:19.0250,0.03,0.11,0.1,0.15
2021-03-04 17:28:19.0350,0.0,0.12,0.13,0.17
2021-03-04 17:28:19.0460,-0.03,0.13,0.13,0.18
2021-03-04 17:28:19.0550,-0.1,0.07,0.06,0.13
2021-03-04 17:28:19.0660,-0.19,-0.05,-0.03,0.19
2021-03-04 17:28:19.0750,-0.23,-0.1,-0.12,0.27
2021-03-04 17:28:19.0910,-0.17,-0.06,-0.14,0.22
2021-03-04 17:28:19.0950,-0.03,0.01,-0.11,0.11
2021-03-04 17:28:19.1050,0.16,0.05,-0.09,0.19
2021-03-04 17:28:19.1150,0.3,0.05,-0.04,0.3
2021-03-04 17:28:19.1250,0.38,0.03,0.01,0.38
2021-03-04 17:28:19.1350,0.41,0.0,0.04,0.41
2021-03-04 17:28:19.1450,0.38,-0.02,0.0,0.38
2021-03-04 17:28:19.1550,0.3,-0.03,-0.03,0.3
2021-03-04 17:28:19.1650,0.19,-0.06,-0.05,0.2
2021-03-04 17:28:19.1750,0.09,-0.03,-0.07,0.11
2021-03-04 17:28:19.1940,0.0,-0.02,-0.06,0.06
2021-03-04 17:28:19.1960,-0.04,-0.02,0.0,0.04
2021-03-04 17:28:19.2040,-0.09,0.03,0.04,0.1
2021-03-04 17:28:19.2140,-0.13,0.1,0.09,0.18
2021-03-04 17:28:19.2240,-0.11,0.12,0.12,0.2
2021-03-04 17:28:19.2340,-0.09,0.09,0.12,0.17
2021-03-04 17:28:19.2440,-0.11,0.06,0.14,0.18
2021-03-04 17:28:19.2540,-0.13,0.01,0.14,0.19
2021-03-04 17:28:19.2640,-0.18,-0.02,0.09,0.2
2021-03-04 17:28:19.2740,-0.2,-0.03,0.05,0.2
2021-03-04 17:28:19.2920,-0.22,-0.02,0.05,0.22
2021-03-04 17:28:19.2950,-0.23,0.07,0.06,0.24
2021-03-04 17:28:19.3040,-0.19,0.16,0.05,0.25
2021-03-04 17:28:19.3140,-0.11,0.23,0.03,0.25
2021-03-04 17:28:19.3230,-0.03,0.27,-0.06,0.27
2021-03-04 17:28:19.3340,0.01,0.22,-0.19,0.29
2021-03-04 17:28:19.3430,-0.02,0.05,-0.23,0.23
2021-03-04 17:28:19.3540,-0.07,-0.12,-0.15,0.2
2021-03-04 17:28:19.3630,-0.09,-0.18,-0.08,0.21
2021-03-04 17:28:19.3740,-0.1,-0.15,-0.06,0.19
2021-03-04 17:28:19.3930,-0.1,-0.08,-0.02,0.12
2021-03-04 17:28:19.3960,-0.06,-0.04,0.01,0.07
2021-03-04 17:28:19.4030,0.06,-0.02,0.02,0.06
2021-03-04 17:28:19.4130,0.17,-0.01,0.07,0.18
2021-03-04 17:28:19.4230,0.25,0.02,0.13,0.28
2021-03-04 17:28:19.4330,0.27,0.03,0.14,0.3
2021-03-04 17:28:19.4430,0.25,0.02,0.14,0.28
2021-03-04 17:28:19.4530,0.2,-0.01,0.11,0.22
2021-03-04 17:28:19.4630,0.16,-0.04,0.09,0.18
2021-03-04 17:28:19.4730,0.14,-0.03,0.07,0.15
2021-03-04 17:28:19.4910,0.11,-0.01,0.03,0.11
2021-03-04 17:28:19.4930,0.11,0.0,0.03,0.11
2021-03-04 17:28:19.5020,0.12,-0.03,0.06,0.13
2021-03-04 17:28:19.5130,0.09,-0.04,0.06,0.11
2021-03-04 17:28:19.5220,0.05,-0.03,0.01,0.05
2021-03-04 17:28:19.5330,-0.02,0.01,0.0,0.02
2021-03-04 17:28:19.5420,-0.07,0.04,-0.02,0.08
2021-03-04 17:28:19.5530,-0.12,0.05,0.01,0.13
2021-03-04 17:28:19.5620,-0.15,0.07,0.02,0.16
2021-03-04 17:28:19.5720,-0.14,0.09,0.04,0.17
2021-03-04 17:28:19.5910,-0.13,0.1,0.02,0.16
2021-03-04 17:28:19.5930,-0.11,0.07,-0.02,0.13
2021-03-04 17:28:19.6020,-0.08,0.04,-0.02,0.09
2021-03-04 17:28:19.6120,-0.06,0.02,-0.02,0.06
2021-03-04 17:28:19.6220,-0.02,0.01,0.01,0.02
2021-03-04 17:28:19.6310,-0.02,0.01,0.06,0.06
2021-03-04 17:28:19.6420,-0.05,0.05,0.07,0.09
2021-03-04 17:28:19.6520,-0.09,0.06,0.06,0.12
2021-03-04 17:28:19.6610,-0.12,0.05,0.01,0.13
2021-03-04 17:28:19.6720,-0.14,0.07,-0.01,0.15
2021-03-04 17:28:19.6920,-0.15,0.06,0.0,0.16
2021-03-04 17:28:19.6940,-0.15,0.06,0.01,0.16
2021-03-04 17:28:19.7010,-0.14,0.02,0.05,0.15
2021-03-04 17:28:19.7110,-0.15,0.0,0.07,0.16
2021-03-04 17:28:19.7210,-0.16,-0.01,0.07,0.17
2021-03-04 17:28:19.7310,-0.19,0.02,0.03,0.19
2021-03-04 17:28:19.7410,-0.2,0.03,-0.04,0.2
2021-03-04 17:28:19.7510,-0.19,0.02,-0.06,0.2
2021-03-04 17:28:19.7600,-0.17,0.02,-0.02,0.17
2021-03-04 17:28:19.7710,-0.15,0.04,0.05,0.16
2021-03-04 17:28:19.7900,-0.11,0.04,0.1,0.15
2021-03-04 17:28:19.7920,-0.07,0.05,0.08,0.11
2021-03-04 17:28:19.8000,-0.04,0.05,0.03,0.07
2021-03-04 17:28:19.8100,-0.02,0.04,-0.01,0.04
2021-03-04 17:28:19.8200,-0.04,0.04,-0.02,0.06
2021-03-04 17:28:19.8300,-0.05,0.04,-0.01,0.06
2021-03-04 17:28:19.8410,-0.03,0.06,0.01,0.06
2021-03-04 17:28:19.8510,0.0,0.07,0.06,0.09
2021-03-04 17:28:19.8600,0.04,0.07,0.07,0.1
2021-03-04 17:28:19.8710,0.1,0.03,0.05,0.11
2021-03-04 17:28:19.8910,0.15,-0.01,0.06,0.16
2021-03-04 17:28:19.8930,0.17,-0.02,0.07,0.18
2021-03-04 17:28:19.9000,0.18,-0.03,0.09,0.2
2021-03-04 17:28:19.9100,0.16,-0.03,0.05,0.17
2021-03-04 17:28:19.9190,0.14,-0.01,0.0,0.14
2021-03-04 17:28:19.9300,0.09,0.0,-0.02,0.09
2021-03-04 17:28:19.9400,0.04,0.02,-0.01,0.04
2021-03-04 17:28:19.9500,0.0,0.0,0.01,0.01
2021-03-04 17:28:19.9590,0.0,0.01,0.02,0.02
2021-03-04 17:28:19.9700,0.0,0.01,0.03,0.03
2021-03-04 17:28:19.9880,0.0,0.02,0.03,0.03
2021-03-04 17:28:19.9900,0.03,0.02,0.03,0.04
2021-03-04 17:28:19.9990,0.01,0.03,0.04,0.05
2021-03-04 17:28:20.0090,-0.01,0.03,0.03,0.04
2021-03-04 17:28:20.0190,0.02,0.04,0.0,0.04
2021-03-04 17:28:20.0290,0.04,0.04,-0.02,0.06
2021-03-04 17:28:20.0390,0.06,0.03,0.0,0.06
2021-03-04 17:28:20.0490,0.08,0.08,-0.01,0.11
2021-03-04 17:28:20.0590,0.11,0.11,-0.04,0.16
2021-03-04 17:28:20.0690,0.12,0.1,-0.06,0.16
2021-03-04 17:28:20.0860,0.12,0.03,-0.05,0.13
2021-03-04 17:28:20.0880,0.09,-0.04,-0.03,0.1
2021-03-04 17:28:20.0990,0.04,-0.05,-0.03,0.07
2021-03-04 17:28:20.1080,-0.01,-0.03,-0.02,0.03
2021-03-04 17:28:20.1180,-0.07,-0.01,0.03,0.07
2021-03-04 17:28:20.1280,-0.11,0.01,0.05,0.12
2021-03-04 17:28:20.1380,-0.12,0.01,0.06,0.13
2021-03-04 17:28:20.1480,-0.12,0.03,0.05,0.13
2021-03-04 17:28:20.1580,-0.12,0.05,0.05,0.13
2021-03-04 17:28:20.1680,-0.11,0.05,0.07,0.13
2021-03-04 17:28:20.1860,-0.1,0.07,0.08,0.14
2021-03-04 17:28:20.1880,-0.08,0.06,0.08,0.12
2021-03-04 17:28:20.1980,-0.07,0.05,0.08,0.11
2021-03-04 17:28:20.2080,-0.04,0.04,0.07,0.09
2021-03-04 17:28:20.2170,-0.04,0.03,0.03,0.05
2021-03-04 17:28:20.2280,-0.02,0.0,0.02,0.02
2021-03-04 17:28:20.2380,0.0,-0.03,0.02,0.03
2021-03-04 17:28:20.2480,0.04,-0.02,0.03,0.05
2021-03-04 17:28:20.2570,0.03,0.01,0.04,0.05
2021-03-04 17:28:20.2670,0.03,-0.01,0.01,0.03
2021-03-04 17:28:20.2850,0.04,0.0,-0.02,0.04
2021-03-04 17:28:20.2870,0.07,0.01,-0.04,0.08
2021-03-04 17:28:20.2970,0.09,0.01,-0.02,0.09
2021-03-04 17:28:20.3070,0.09,0.01,-0.01,0.09
2021-03-04 17:28:20.3170,0.1,0.01,-0.01,0.1
2021-03-04 17:28:20.3270,0.08,0.02,0.01,0.08
2021-03-04 17:28:20.3370,0.04,0.02,0.04,0.06
2021-03-04 17:28:20.3470,0.01,0.02,0.04,0.04
2021-03-04 17:28:20.3570,0.0,-0.01,0.04,0.04
2021-03-04 17:28:20.3670,-0.01,-0.02,0.07,0.07
2021-03-04 17:28:20.3850,0.0,-0.02,0.08,0.08
2021-03-04 17:28:20.3870,0.03,0.0,0.1,0.1
2021-03-04 17:28:20.3960,0.03,0.04,0.1,0.11
2021-03-04 17:28:20.4060,0.04,0.07,0.08,0.11
2021-03-04 17:28:20.4160,0.04,0.08,0.06,0.1
2021-03-04 17:28:20.4270,0.03,0.08,0.06,0.1
2021-03-04 17:28:20.4360,0.0,0.07,0.06,0.09
2021-03-04 17:28:20.4460,-0.03,0.03,0.05,0.06
2021-03-04 17:28:20.4560,-0.03,0.01,0.03,0.04
2021-03-04 17:28:20.4660,-0.01,-0.02,0.03,0.03
2021-03-04 17:28:20.4850,0.02,-0.04,0.02,0.04
2021-03-04 17:28:20.4870,0.01,-0.05,0.03,0.05
2021-03-04 17:28:20.4950,0.0,-0.01,0.05,0.05
2021-03-04 17:28:20.5060,-0.01,0.06,0.06,0.08
2021-03-04 17:28:20.5150,-0.04,0.1,0.07,0.12
2021-03-04 17:28:20.5250,-0.04,0.1,0.06,0.12
2021-03-04 17:28:20.5360,-0.02,0.06,0.06,0.08
2021-03-04 17:28:20.5450,-0.01,0.03,0.05,0.05
2021-03-04 17:28:20.5560,-0.03,0.0,0.05,0.05
2021-03-04 17:28:20.5660,-0.04,-0.02,0.06,0.07
2021-03-04 17:28:20.5850,-0.04,-0.01,0.07,0.08
2021-03-04 17:28:20.5870,-0.02,0.02,0.05,0.05
2021-03-04 17:28:20.5950,0.0,0.02,0.04,0.04
2021-03-04 17:28:20.6050,0.04,0.04,0.04,0.06
2021-03-04 17:28:20.6150,0.06,0.07,0.03,0.09
2021-03-04 17:28:20.6250,0.07,0.08,0.03,0.11
2021-03-04 17:28:20.6350,0.08,0.04,0.03,0.09
2021-03-04 17:28:20.6450,0.1,-0.01,0.07,0.12
2021-03-04 17:28:20.6550,0.09,-0.02,0.1,0.13
2021-03-04 17:28:20.6650,0.07,-0.02,0.07,0.1
2021-03-04 17:28:20.6840,0.04,-0.02,0.08,0.09
2021-03-04 17:28:20.6860,-0.02,-0.03,0.13,0.13
2021-03-04 17:28:20.6940,-0.08,0.0,0.17,0.18
2021-03-04 17:28:20.7040,-0.13,0.02,0.16,0.2
2021-03-04 17:28:20.7140,-0.13,0.03,0.11,0.17
2021-03-04 17:28:20.7250,-0.13,0.03,0.07,0.15
2021-03-04 17:28:20.7350,-0.12,0.02,0.05,0.13
2021-03-04 17:28:20.7440,-0.1,0.03,0.04,0.11
2021-03-04 17:28:20.7550,-0.07,0.04,0.04,0.09
2021-03-04 17:28:20.7640,-0.05,0.04,0.02,0.06
2021-03-04 17:28:20.7840,-0.04,0.04,-0.01,0.05
2021-03-04 17:28:20.7860,-0.03,0.03,-0.02,0.04
2021-03-04 17:28:20.7930,-0.02,0.02,0.0,0.02
2021-03-04 17:28:20.8030,-0.01,0.03,0.03,0.04
2021-03-04 17:28:20.8130,0.0,0.05,0.06,0.07
2021-03-04 17:28:20.8230,0.02,0.06,0.09,0.11
2021-03-04 17:28:20.8340,0.06,0.02,0.11,0.12
2021-03-04 17:28:20.8430,0.08,-0.03,0.13,0.15
2021-03-04 17:28:20.8540,0.07,-0.05,0.14,0.16
2021-03-04 17:28:20.8630,0.06,-0.06,0.15,0.17
2021-03-04 17:28:20.8830,0.07,-0.05,0.16,0.18
2021-03-04 17:28:20.8850,0.07,-0.03,0.17,0.18
2021-03-04 17:28:20.8930,0.09,0.0,0.18,0.2
2021-03-04 17:28:20.9030,0.11,-0.01,0.17,0.2
2021-03-04 17:28:20.9130,0.09,-0.02,0.15,0.17
2021-03-04 17:28:20.9230,0.09,-0.01,0.13,0.15
2021-03-04 17:28:20.9330,0.09,0.0,0.14,0.16
2021-03-04 17:28:20.9430,0.07,0.01,0.13,0.14
2021-03-04 17:28:20.9520,0.07,0.01,0.13,0.14
2021-03-04 17:28:20.9630,0.05,0.02,0.15,0.15
2021-03-04 17:28:20.9830,0.04,0.02,0.15,0.15
2021-03-04 17:28:20.9840,0.04,0.0,0.15,0.15
2021-03-04 17:28:20.9920,0.04,-0.01,0.17,0.17
2021-03-04 17:28:21.0020,0.04,-0.02,0.18,0.18
2021-03-04 17:28:21.0130,0.07,-0.02,0.19,0.2
2021-03-04 17:28:21.0220,0.09,-0.02,0.22,0.23
2021-03-04 17:28:21.0320,0.08,0.01,0.24,0.25
2021-03-04 17:28:21.0420,0.07,0.02,0.27,0.27
2021-03-04 17:28:21.0520,0.05,0.0,0.28,0.28
2021-03-04 17:28:21.0620,0.06,0.01,0.26,0.26
2021-03-04 17:28:21.0810,0.07,0.0,0.25,0.25
2021-03-04 17:28:21.0830,0.06,-0.01,0.24,0.24
2021-03-04 17:28:21.0920,0.07,-0.01,0.24,0.25
2021-03-04 17:28:21.1010,0.07,0.01,0.25,0.25
2021-03-04 17:28:21.1120,0.08,0.02,0.27,0.28
2021-03-04 17:28:21.1220,0.09,0.04,0.31,0.32
2021-03-04 17:28:21.1310,0.09,0.06,0.33,0.34
2021-03-04 17:28:21.1410,0.08,0.07,0.33,0.34
2021-03-04 17:28:21.1520,0.11,0.05,0.34,0.36
2021-03-04 17:28:21.1610,0.11,0.02,0.32,0.33
2021-03-04 17:28:21.1790,0.11,0.02,0.3,0.32
2021-03-04 17:28:21.1810,0.08,0.02,0.28,0.29
2021-03-04 17:28:21.1910,0.07,-0.02,0.24,0.25
2021-03-04 17:28:21.2010,0.11,-0.06,0.19,0.22
2021-03-04 17:28:21.2110,0.11,-0.1,0.1,0.17
2021-03-04 17:28:21.2210,0.08,-0.08,0.02,0.11
2021-03-04 17:28:21.2310,0.03,-0.09,-0.02,0.09
2021-03-04 17:28:21.2410,0.0,-0.13,-0.05,0.13
2021-03-04 17:28:21.2510,0.03,-0.14,-0.02,0.14
2021-03-04 17:28:21.2610,0.06,-0.16,0.07,0.18
2021-03-04 17:28:21.2800,0.12,-0.16,0.09,0.21
2021-03-04 17:28:21.2820,0.11,-0.22,0.07,0.25
2021-03-04 17:28:21.2900,0.02,-0.28,0.04,0.28
2021-03-04 17:28:21.3000,-0.19,-0.32,0.08,0.38
2021-03-04 17:28:21.3100,-0.36,-0.4,0.1,0.54
2021-03-04 17:28:21.3210,-0.49,-0.44,0.04,0.65
2021-03-04 17:28:21.3300,-0.5,-0.27,-0.12,0.58
2021-03-04 17:28:21.3400,-0.48,0.08,-0.18,0.51
2021-03-04 17:28:21.3500,-0.36,0.49,-0.13,0.62
2021-03-04 17:28:21.3600,-0.3,0.68,0.03,0.74
2021-03-04 17:28:21.3790,-0.24,0.68,0.21,0.75
2021-03-04 17:28:21.3810,-0.24,0.52,0.45,0.72
2021-03-04 17:28:21.3900,-0.31,0.26,0.75,0.85
2021-03-04 17:28:21.4000,-0.31,-0.01,1.0,1.04
2021-03-04 17:28:21.4100,-0.29,-0.21,1.23,1.28
2021-03-04 17:28:21.4200,-0.31,-0.28,1.39,1.45
2021-03-04 17:28:21.4300,-0.29,-0.2,1.47,1.51
2021-03-04 17:28:21.4390,-0.29,-0.03,1.46,1.48
2021-03-04 17:28:21.4500,-0.37,0.2,1.3,1.36
2021-03-04 17:28:21.4600,-0.49,0.46,1.08,1.27
2021-03-04 17:28:21.4790,-0.61,0.69,0.98,1.34
2021-03-04 17:28:21.4820,-0.75,0.74,0.99,1.44
2021-03-04 17:28:21.4890,-0.87,0.56,1.05,1.47
2021-03-04 17:28:21.4990,-0.91,0.26,1.12,1.46
2021-03-04 17:28:21.5090,-0.83,0.01,1.13,1.4
2021-03-04 17:28:21.5190,-0.61,-0.13,1.16,1.31
2021-03-04 17:28:21.5290,-0.35,-0.24,1.11,1.18
2021-03-04 17:28:21.5390,-0.1,-0.35,1.06,1.12
2021-03-04 17:28:21.5490,0.08,-0.48,1.02,1.13
2021-03-04 17:28:21.5580,0.19,-0.58,0.97,1.14
2021-03-04 17:28:21.5750,0.25,-0.61,0.99,1.18
2021-03-04 17:28:21.5780,0.24,-0.58,1.05,1.22
2021-03-04 17:28:21.5880,0.17,-0.5,1.08,1.2
2021-03-04 17:28:21.5980,0.11,-0.47,1.11,1.21
2021-03-04 17:28:21.6080,0.03,-0.52,1.19,1.29
2021-03-04 17:28:21.6190,-0.17,-0.73,1.25,1.45
2021-03-04 17:28:21.6290,-0.59,-0.94,1.31,1.71
2021-03-04 17:28:21.6380,-1.14,-0.81,1.31,1.91
2021-03-04 17:28:21.6490,-1.44,-0.41,1.33,2.0
2021-03-04 17:28:21.6580,-1.47,0.03,1.41,2.03
2021-03-04 17:28:21.6780,-1.42,0.43,1.54,2.13
2021-03-04 17:28:21.6800,-1.39,0.66,1.74,2.32
2021-03-04 17:28:21.6880,-1.28,0.67,1.93,2.41
2021-03-04 17:28:21.6980,-1.25,0.51,2.07,2.47
2021-03-04 17:28:21.7080,-1.45,0.31,2.13,2.59
2021-03-04 17:28:21.7180,-1.72,0.09,2.03,2.66
2021-03-04 17:28:21.7270,-1.84,0.08,1.8,2.57
2021-03-04 17:28:21.7380,-1.85,0.27,1.66,2.5
2021-03-04 17:28:21.7470,-1.88,0.67,1.68,2.6
2021-03-04 17:28:21.7570,-1.88,1.16,1.69,2.78
2021-03-04 17:28:21.7760,-1.87,1.67,1.77,3.06
2021-03-04 17:28:21.7780,-1.83,2.12,1.88,3.37
2021-03-04 17:28:21.7870,-1.64,2.44,1.9,3.5
2021-03-04 17:28:21.7970,-1.58,2.57,2.04,3.64
2021-03-04 17:28:21.8070,-1.84,2.31,1.18,3.18
2021-03-04 17:28:21.8170,-1.13,2.35,-0.57,2.66
2021-03-04 17:28:21.8270,-0.22,3.39,-1.1,3.57
2021-03-04 17:28:21.8370,-0.56,4.56,-0.68,4.64
2021-03-04 17:28:21.8470,-0.62,4.65,0.53,4.72
2021-03-04 17:28:21.8570,-0.18,3.96,1.46,4.22
2021-03-04 17:28:21.8760,-0.68,3.44,1.27,3.72
2021-03-04 17:28:21.8790,-1.48,3.46,0.33,3.77
2021-03-04 17:28:21.8870,-1.13,3.17,-0.89,3.48
2021-03-04 17:28:21.8960,-0.88,2.71,-2.06,3.51
2021-03-04 17:28:21.9060,-0.64,2.07,-2.87,3.59
2021-03-04 17:28:21.9160,-0.14,1.4,-3.18,3.47
2021-03-04 17:28:21.9260,0.61,0.58,-3.21,3.31
2021-03-04 17:28:21.9370,1.15,-0.38,-2.91,3.15
2021-03-04 17:28:21.9460,1.48,-1.19,-2.09,2.82
2021-03-04 17:28:21.9560,1.49,-1.93,-1.19,2.71
2021-03-04 17:28:21.9740,0.97,-2.47,-0.8,2.77
2021-03-04 17:28:21.9760,0.35,-2.6,-0.92,2.78
2021-03-04 17:28:21.9860,-0.16,-2.34,-1.15,2.61
2021-03-04 17:28:21.9960,-0.39,-1.99,-1.29,2.4
2021-03-04 17:28:22.0060,-0.44,-1.64,-1.02,1.98
2021-03-04 17:28:22.0150,-0.17,-1.34,-0.75,1.54
2021-03-04 17:28:22.0260,0.21,-1.11,-0.68,1.31
2021-03-04 17:28:22.0360,0.55,-0.72,-0.6,1.08
2021-03-04 17:28:22.0450,0.68,-0.35,-0.55,0.94
2021-03-04 17:28:22.0560,0.56,-0.16,-0.48,0.75
2021-03-04 17:28:22.0760,0.46,-0.15,-0.4,0.62
2021-03-04 17:28:22.0780,0.4,-0.42,-0.27,0.63
2021-03-04 17:28:22.0850,0.32,-0.87,-0.11,0.93
2021-03-04 17:28:22.0950,0.34,-1.28,0.1,1.32
2021-03-04 17:28:22.1050,0.48,-1.52,0.3,1.62
2021-03-04 17:28:22.1150,0.7,-1.53,0.4,1.72
2021-03-04 17:28:22.1250,0.88,-1.39,0.55,1.73
2021-03-04 17:28:22.1350,1.01,-1.17,0.73,1.7
2021-03-04 17:28:22.1450,1.0,-0.93,0.86,1.61
2021-03-04 17:28:22.1550,0.72,-0.64,0.84,1.27
2021-03-04 17:28:22.1750,0.33,-0.45,0.64,0.84
2021-03-04 17:28:22.1770,-0.16,-0.47,0.38,0.62
2021-03-04 17:28:22.1840,-0.66,-0.73,0.16,0.99
2021-03-04 17:28:22.1940,-1.09,-1.12,0.08,1.56
2021-03-04 17:28:22.2040,-1.28,-1.51,0.12,1.98
2021-03-04 17:28:22.2140,-1.27,-1.95,0.27,2.34
2021-03-04 17:28:22.2250,-1.13,-2.24,0.51,2.56
2021-03-04 17:28:22.2340,-0.79,-2.35,0.66,2.56
2021-03-04 17:28:22.2440,-0.25,-2.4,0.77,2.53
2021-03-04 17:28:22.2540,0.18,-2.3,0.98,2.5
2021-03-04 17:28:22.2730,0.41,-1.97,1.16,2.32
2021-03-04 17:28:22.2750,0.64,-1.48,1.31,2.07
2021-03-04 17:28:22.2840,0.85,-0.87,1.43,1.87
2021-03-04 17:28:22.2940,1.02,-0.18,1.5,1.82
2021-03-04 17:28:22.3040,1.06,0.37,1.54,1.9
2021-03-04 17:28:22.3140,0.91,0.63,1.4,1.78
2021-03-04 17:28:22.3240,0.62,0.59,1.25,1.51
2021-03-04 17:28:22.3340,0.16,0.37,0.97,1.05
2021-03-04 17:28:22.3430,-0.46,0.19,0.76,0.9
2021-03-04 17:28:22.3530,-1.14,0.29,0.6,1.32
2021-03-04 17:28:22.3730,-1.65,0.72,0.62,1.9
2021-03-04 17:28:22.3750,-1.75,1.35,0.78,2.34
2021-03-04 17:28:22.3830,-1.47,1.97,1.13,2.7
2021-03-04 17:28:22.3930,-1.13,2.5,1.54,3.14
2021-03-04 17:28:22.4030,-0.57,2.65,1.92,3.32
2021-03-04 17:28:22.4130,-0.14,2.59,2.39,3.52
2021-03-04 17:28:22.4240,-0.01,2.36,2.33,3.31
2021-03-04 17:28:22.4330,1.01,2.1,0.37,2.35
2021-03-04 17:28:22.4430,1.57,2.83,0.09,3.23
2021-03-04 17:28:22.4530,0.5,4.33,0.26,4.36
2021-03-04 17:28:22.4730,0.92,5.93,-1.01,6.08
2021-03-04 17:28:22.4750,2.28,6.31,-2.42,7.13
2021-03-04 17:28:22.4820,3.17,5.82,-2.56,7.1
2021-03-04 17:28:22.4920,3.25,4.75,-1.78,6.02
2021-03-04 17:28:22.5020,2.79,2.95,-1.93,4.49
2021-03-04 17:28:22.5120,1.32,0.82,-2.51,2.95
2021-03-04 17:28:22.5230,-1.02,-1.13,-3.04,3.39
2021-03-04 17:28:22.5320,-2.61,-2.68,-3.61,5.19
2021-03-04 17:28:22.5420,-3.08,-3.65,-3.86,6.14
2021-03-04 17:28:22.5520,-2.64,-4.01,-3.63,6.01
2021-03-04 17:28:22.5710,-2.05,-3.55,-2.56,4.83
2021-03-04 17:28:22.5730,-1.3,-2.48,-1.46,3.15
2021-03-04 17:28:22.5820,-0.04,-1.44,-0.87,1.68
2021-03-04 17:28:22.5920,1.24,-0.73,-0.73,1.61
2021-03-04 17:28:22.6020,2.09,-0.27,-0.67,2.21
2021-03-04 17:28:22.6110,2.51,-0.11,-0.74,2.61
2021-03-04 17:28:22.6220,2.73,-0.39,-0.93,2.91
2021-03-04 17:28:22.6320,2.69,-1.07,-0.97,3.05
2021-03-04 17:28:22.6410,2.35,-1.93,-0.79,3.14
2021-03-04 17:28:22.6520,1.82,-2.68,-0.5,3.27
2021-03-04 17:28:22.6710,1.15,-3.12,-0.26,3.33
2021-03-04 17:28:22.6730,0.42,-3.25,-0.19,3.28
2021-03-04 17:28:22.6810,-0.2,-3.14,-0.39,3.17
2021-03-04 17:28:22.6910,-0.67,-2.84,-0.59,2.97
2021-03-04 17:28:22.7010,-0.97,-2.35,-0.76,2.65
2021-03-04 17:28:22.7110,-1.17,-1.78,-0.8,2.27
2021-03-04 17:28:22.7210,-1.19,-1.21,-0.67,1.82
2021-03-04 17:28:22.7310,-1.05,-0.7,-0.41,1.32
2021-03-04 17:28:22.7410,-0.84,-0.29,-0.08,0.89
2021-03-04 17:28:22.7510,-0.57,-0.01,0.23,0.61
2021-03-04 17:28:22.7700,-0.24,0.17,0.44,0.52
2021-03-04 17:28:22.7710,-0.02,0.15,0.64,0.65
2021-03-04 17:28:22.7800,-0.02,-0.14,0.92,0.93
2021-03-04 17:28:22.7900,-0.15,-0.5,1.03,1.15
2021-03-04 17:28:22.8000,-0.36,-0.88,1.01,1.38
2021-03-04 17:28:22.8100,-0.46,-1.2,1.1,1.69
2021-03-04 17:28:22.8210,-0.45,-1.36,1.38,1.98
2021-03-04 17:28:22.8300,-0.4,-1.44,1.58,2.17
2021-03-04 17:28:22.8400,-0.4,-1.54,1.62,2.27
2021-03-04 17:28:22.8510,-0.53,-1.63,1.4,2.21
2021-03-04 17:28:22.8690,-0.95,-1.55,1.19,2.17
2021-03-04 17:28:22.8710,-1.56,-1.26,1.12,2.29
2021-03-04 17:28:22.8800,-2.17,-0.75,0.86,2.45
2021-03-04 17:28:22.8890,-2.61,-0.2,0.44,2.65
2021-03-04 17:28:22.9000,-2.69,0.29,0.04,2.7
2021-03-04 17:28:22.9100,-2.31,0.63,-0.1,2.39
2021-03-04 17:28:22.9200,-1.61,0.88,0.25,1.85
2021-03-04 17:28:22.9290,-0.78,0.99,0.96,1.58
2021-03-04 17:28:22.9400,-0.11,0.87,1.63,1.85
2021-03-04 17:28:22.9500,0.08,0.7,1.99,2.11
2021-03-04 17:28:22.9690,-0.15,0.65,2.03,2.13
2021-03-04 17:28:22.9710,-0.56,0.7,1.99,2.18
2021-03-04 17:28:22.9790,-0.79,0.74,2.04,2.3
2021-03-04 17:28:22.9890,-0.86,0.81,0.57,1.31
2021-03-04 17:28:22.9990,0.74,1.55,-1.55,2.31
2021-03-04 17:28:23.0090,2.24,3.59,-1.79,4.59
2021-03-04 17:28:23.0190,0.45,5.39,-1.39,5.58
2021-03-04 17:28:23.0290,-1.5,5.41,-1.93,5.93
2021-03-04 17:28:23.0390,-1.98,5.42,-3.05,6.52
2021-03-04 17:28:23.0490,-2.17,5.18,-3.61,6.67
2021-03-04 17:28:23.0690,-1.56,4.82,-3.8,6.33
2021-03-04 17:28:23.0720,-0.13,4.16,-3.68,5.55
2021-03-04 17:28:23.0780,1.87,2.73,-3.59,4.88
2021-03-04 17:28:23.0880,3.59,0.9,-3.45,5.05
2021-03-04 17:28:23.0980,4.14,-0.93,-2.91,5.14
2021-03-04 17:28:23.1080,4.22,-2.55,-1.96,5.3
2021-03-04 17:28:23.1180,3.9,-3.57,-1.02,5.38
2021-03-04 17:28:23.1280,2.69,-3.52,-0.33,4.44
2021-03-04 17:28:23.1390,1.1,-2.77,-0.19,2.98
2021-03-04 17:28:23.1480,-0.27,-1.8,-0.2,1.83
2021-03-04 17:28:23.1680,-1.12,-0.89,-0.48,1.5
2021-03-04 17:28:23.1700,-1.69,-0.05,-0.97,1.94
2021-03-04 17:28:23.1780,-2.23,1.05,-1.43,2.84
2021-03-04 17:28:23.1870,-2.49,1.99,-1.79,3.65
2021-03-04 17:28:23.1980,-2.3,2.2,-1.95,3.73
2021-03-04 17:28:23.2070,-1.57,1.38,-1.84,2.78
2021-03-04 17:28:23.2180,-0.46,-0.23,-1.44,1.52
2021-03-04 17:28:23.2270,0.49,-1.82,-0.76,2.03
2021-03-04 17:28:23.2380,1.13,-3.03,-0.17,3.23
2021-03-04 17:28:23.2480,1.49,-3.85,0.13,4.13
2021-03-04 17:28:23.2680,1.6,-4.18,0.2,4.48
2021-03-04 17:28:23.2700,1.58,-4.06,0.12,4.35
2021-03-04 17:28:23.2770,1.46,-3.61,0.04,3.89
2021-03-04 17:28:23.2870,1.29,-2.99,-0.07,3.25
2021-03-04 17:28:23.2970,1.27,-2.34,-0.25,2.67
2021-03-04 17:28:23.3070,1.32,-1.71,-0.34,2.18
2021-03-04 17:28:23.3170,1.11,-1.16,-0.31,1.63
2021-03-04 17:28:23.3270,0.77,-0.82,-0.26,1.15
2021-03-04 17:28:23.3370,0.48,-0.74,-0.13,0.89
2021-03-04 17:28:23.3470,0.25,-0.83,0.1,0.87
2021-03-04 17:28:23.3660,0.01,-1.01,0.35,1.06
2021-03-04 17:28:23.3680,-0.19,-1.22,0.53,1.34
2021-03-04 17:28:23.3760,-0.43,-1.41,0.75,1.65
2021-03-04 17:28:23.3860,-0.61,-1.45,0.92,1.82
2021-03-04 17:28:23.3960,-0.7,-1.34,1.03,1.82
2021-03-04 17:28:23.4060,-0.67,-1.09,1.05,1.65
2021-03-04 17:28:23.4160,-0.47,-0.9,1.06,1.46
2021-03-04 17:28:23.4260,-0.27,-0.75,1.18,1.42
2021-03-04 17:28:23.4360,-0.12,-0.63,1.31,1.45
2021-03-04 17:28:23.4470,-0.04,-0.2,1.43,1.44
2021-03-04 17:28:23.4650,0.1,0.24,1.46,1.48
2021-03-04 17:28:23.4670,0.07,0.35,1.43,1.47
2021-03-04 17:28:23.4760,-0.21,0.3,1.28,1.33
2021-03-04 17:28:23.4860,-0.6,0.25,1.14,1.31
2021-03-04 17:28:23.4960,-1.05,0.4,1.04,1.53
2021-03-04 17:28:23.5050,-1.4,0.77,0.99,1.87
2021-03-04 17:28:23.5160,-1.51,1.2,1.05,2.19
2021-03-04 17:28:23.5250,-1.45,1.45,1.26,2.4
2021-03-04 17:28:23.5360,-1.33,1.52,1.64,2.6
2021-03-04 17:28:23.5450,-0.96,1.4,2.09,2.69
2021-03-04 17:28:23.5660,-0.61,1.35,2.63,3.01
2021-03-04 17:28:23.5690,-0.13,1.28,2.37,2.69
2021-03-04 17:28:23.5750,1.5,1.6,-0.48,2.24
2021-03-04 17:28:23.5880,1.6,2.67,-1.48,3.44
2021-03-04 17:28:23.5950,0.29,4.09,-2.29,4.69
2021-03-04 17:28:23.6050,1.1,6.48,-2.9,7.18
2021-03-04 17:28:23.6150,2.44,6.37,-2.37,7.22
2021-03-04 17:28:23.6250,3.78,4.13,-1.83,5.89
2021-03-04 17:28:23.6350,4.49,2.42,-0.78,5.15
2021-03-04 17:28:23.6450,4.09,1.81,-0.67,4.52
2021-03-04 17:28:23.6650,2.81,0.51,-1.34,3.15
2021-03-04 17:28:23.6670,0.53,-0.65,-1.95,2.12
2021-03-04 17:28:23.6740,-1.06,-1.73,-2.8,3.45
2021-03-04 17:28:23.6840,-1.67,-2.59,-3.11,4.37
2021-03-04 17:28:23.6940,-1.66,-3.11,-2.84,4.52
2021-03-04 17:28:23.7040,-1.53,-3.05,-2.02,3.96
2021-03-04 17:28:23.7140,-1.35,-2.5,-1.38,3.15
2021-03-04 17:28:23.7240,-0.87,-1.78,-1.26,2.34
2021-03-04 17:28:23.7350,-0.06,-0.89,-1.46,1.71
2021-03-04 17:28:23.7440,0.72,0.15,-1.45,1.62
2021-03-04 17:28:23.7640,1.24,1.03,-1.24,2.03
2021-03-04 17:28:23.7660,1.43,1.12,-1.12,2.13
2021-03-04 17:28:23.7730,1.39,0.49,-1.16,1.87
2021-03-04 17:28:23.7840,1.23,-0.51,-1.21,1.79
2021-03-04 17:28:23.7940,0.82,-1.49,-1.01,1.97
2021-03-04 17:28:23.8030,0.25,-2.22,-0.71,2.34
2021-03-04 17:28:23.8140,-0.16,-2.76,-0.62,2.83
2021-03-04 17:28:23.8240,-0.29,-3.01,-0.75,3.11
2021-03-04 17:28:23.8340,-0.27,-2.98,-0.8,3.09
2021-03-04 17:28:23.8430,-0.19,-2.65,-0.83,2.78
2021-03-04 17:28:23.8630,-0.07,-2.06,-0.79,2.2
2021-03-04 17:28:23.8650,0.1,-1.42,-0.65,1.56
2021-03-04 17:28:23.8730,0.21,-0.89,-0.5,1.04
2021-03-04 17:28:23.8830,0.27,-0.52,-0.53,0.79
2021-03-04 17:28:23.8930,0.34,-0.34,-0.65,0.8
2021-03-04 17:28:23.9030,0.42,-0.37,-0.59,0.81
2021-03-04 17:28:23.9130,0.44,-0.69,-0.21,0.84
2021-03-04 17:28:23.9230,0.45,-1.06,0.23,1.17
2021-03-04 17:28:23.9330,0.47,-1.22,0.5,1.39
2021-03-04 17:28:23.9430,0.52,-1.18,0.53,1.39
2021-03-04 17:28:23.9600,0.52,-1.03,0.33,1.2
2021-03-04 17:28:23.9620,0.43,-0.8,0.15,0.92
2021-03-04 17:28:23.9720,0.22,-0.57,0.19,0.63
2021-03-04 17:28:23.9830,-0.01,-0.39,0.46,0.6
2021-03-04 17:28:23.9920,-0.24,-0.33,0.92,1.0
2021-03-04 17:28:24.0020,-0.5,-0.58,1.13,1.36
2021-03-04 17:28:24.0130,-0.73,-0.86,0.97,1.48
2021-03-04 17:28:24.0220,-0.89,-0.91,0.73,1.46
2021-03-04 17:28:24.0320,-0.88,-0.81,0.5,1.29
2021-03-04 17:28:24.0420,-0.62,-0.62,0.41,0.96
2021-03-04 17:28:24.0620,-0.3,-0.42,0.47,0.69
2021-03-04 17:28:24.0640,-0.11,-0.19,0.69,0.72
2021-03-04 17:28:24.0720,0.04,0.06,0.96,0.96
2021-03-04 17:28:24.0820,0.21,0.2,1.27,1.3
2021-03-04 17:28:24.0920,0.23,0.29,1.6,1.64
2021-03-04 17:28:24.1020,0.08,0.31,1.75,1.77
2021-03-04 17:28:24.1120,-0.22,0.27,1.77,1.8
2021-03-04 17:28:24.1220,-0.46,0.23,1.84,1.91
2021-03-04 17:28:24.1320,-0.6,0.14,2.0,2.09
2021-03-04 17:28:24.1410,-0.96,0.07,2.17,2.37
2021-03-04 17:28:24.1610,-2.06,0.0,0.79,2.2
2021-03-04 17:28:24.1630,-1.05,0.4,-1.82,2.13
2021-03-04 17:28:24.1710,0.82,2.14,-1.23,2.6
2021-03-04 17:28:24.1810,-0.99,4.23,-0.51,4.37
2021-03-04 17:28:24.1910,-2.91,4.6,-1.66,5.69
2021-03-04 17:28:24.2010,-2.12,4.34,-3.46,5.94
2021-03-04 17:28:24.2110,-2.59,4.95,-4.68,7.28
2021-03-04 17:28:24.2210,-3.29,5.26,-4.54,7.68
2021-03-04 17:28:24.2310,-1.69,4.94,-4.44,6.85
2021-03-04 17:28:24.2410,1.63,3.83,-4.41,6.06
2021-03-04 17:28:24.2580,3.66,1.92,-4.04,5.77
2021-03-04 17:28:24.2600,4.18,-0.03,-3.18,5.25
2021-03-04 17:28:24.2700,4.29,-1.38,-2.4,5.1
2021-03-04 17:28:24.2800,3.98,-1.74,-1.86,4.72
2021-03-04 17:28:24.2900,3.1,-1.49,-1.45,3.73
2021-03-04 17:28:24.3000,2.08,-1.12,-1.03,2.57
2021-03-04 17:28:24.3110,1.0,-0.85,-0.58,1.43
2021-03-04 17:28:24.3200,-0.07,-0.52,-0.42,0.67
2021-03-04 17:28:24.3300,-0.95,0.03,-0.62,1.13
2021-03-04 17:28:24.3400,-1.73,0.72,-0.91,2.08
2021-03-04 17:28:24.3600,-2.25,1.16,-1.11,2.76
2021-03-04 17:28:24.3630,-2.29,1.04,-1.17,2.77
2021-03-04 17:28:24.3700,-1.77,0.33,-1.06,2.08
2021-03-04 17:28:24.3800,-0.77,-0.74,-0.81,1.34
2021-03-04 17:28:24.3900,0.11,-1.72,-0.46,1.78
2021-03-04 17:28:24.3990,0.54,-2.47,-0.15,2.53
2021-03-04 17:28:24.4100,0.66,-2.98,0.06,3.05
2021-03-04 17:28:24.4190,0.66,-3.24,0.19,3.31
2021-03-04 17:28:24.4300,0.57,-3.27,0.14,3.32
2021-03-04 17:28:24.4390,0.56,-3.02,0.01,3.07
2021-03-04 17:28:24.4580,0.62,-2.67,-0.02,2.74
2021-03-04 17:28:24.4590,0.52,-2.11,0.13,2.17
2021-03-04 17:28:24.4690,0.29,-1.68,0.25,1.72
2021-03-04 17:28:24.4790,0.04,-1.31,0.23,1.33
2021-03-04 17:28:24.4890,-0.21,-0.96,0.17,0.99
2021-03-04 17:28:24.4990,-0.42,-0.77,0.15,0.88
2021-03-04 17:28:24.5090,-0.56,-0.71,0.18,0.92
2021-03-04 17:28:24.5190,-0.62,-0.77,0.29,1.03
2021-03-04 17:28:24.5290,-0.7,-0.94,0.47,1.26
2021-03-04 17:28:24.5390,-0.74,-1.17,0.65,1.52
2021-03-04 17:28:24.5600,-0.63,-1.37,0.77,1.69
2021-03-04 17:28:24.5620,-0.41,-1.45,0.79,1.7
2021-03-04 17:28:24.5680,-0.11,-1.31,0.75,1.51
2021-03-04 17:28:24.5780,0.21,-1.03,0.79,1.31
2021-03-04 17:28:24.5880,0.5,-0.8,0.8,1.23
2021-03-04 17:28:24.5980,0.78,-0.81,0.75,1.35
2021-03-04 17:28:24.6090,1.01,-1.14,0.73,1.68
2021-03-04 17:28:24.6190,1.02,-1.66,0.84,2.12
2021-03-04 17:28:24.6280,0.89,-2.0,0.91,2.37
2021-03-04 17:28:24.6390,0.64,-1.88,0.83,2.15
2021-03-04 17:28:24.6590,0.39,-1.3,0.62,1.49
2021-03-04 17:28:24.6610,0.21,-0.33,0.43,0.58
2021-03-04 17:28:24.6680,0.11,0.75,0.37,0.84
2021-03-04 17:28:24.6780,0.01,1.54,0.41,1.59
2021-03-04 17:28:24.6880,-0.16,1.81,0.56,1.9
2021-03-04 17:28:24.6970,-0.37,1.63,0.77,1.84
2021-03-04 17:28:24.7070,-0.57,1.29,0.98,1.71
2021-03-04 17:28:24.7180,-0.62,1.01,1.17,1.66
2021-03-04 17:28:24.7270,-0.63,0.91,1.41,1.79
2021-03-04 17:28:24.7380,-0.7,0.9,1.74,2.08
2021-03-04 17:28:24.7580,-0.8,0.94,2.04,2.38
2021-03-04 17:28:24.7600,-0.66,1.05,1.83,2.21
2021-03-04 17:28:24.7670,0.2,1.24,-0.16,1.26
2021-03-04 17:28:24.7770,-0.39,2.18,-0.75,2.33
2021-03-04 17:28:24.7870,-2.03,3.62,-1.81,4.52
2021-03-04 17:28:24.7970,-0.31,5.48,-3.71,6.62
2021-03-04 17:28:24.8070,2.06,6.0,-4.23,7.62
2021-03-04 17:28:24.8170,2.53,5.09,-3.42,6.63
2021-03-04 17:28:24.8270,2.85,4.18,-1.88,5.39
2021-03-04 17:28:24.8370,3.63,2.76,-0.92,4.65
2021-03-04 17:28:24.8550,3.7,0.96,-0.89,3.92
2021-03-04 17:28:24.8560,2.07,-0.57,-1.87,2.84
2021-03-04 17:28:24.8660,0.16,-1.67,-2.96,3.4
2021-03-04 17:28:24.8760,-0.85,-2.77,-3.45,4.5
2021-03-04 17:28:24.8860,-1.43,-3.0,-3.32,4.69
2021-03-04 17:28:24.8960,-1.56,-3.15,-2.58,4.36
2021-03-04 17:28:24.9060,-1.29,-3.27,-1.65,3.88
2021-03-04 17:28:24.9170,-0.88,-2.9,-1.03,3.2
2021-03-04 17:28:24.9260,-0.51,-2.08,-1.07,2.39
2021-03-04 17:28:24.9360,-0.28,-0.93,-1.61,1.88
2021-03-04 17:28:24.9540,-0.2,0.27,-2.14,2.16
2021-03-04 17:28:24.9560,-0.18,1.02,-2.3,2.52
2021-03-04 17:28:24.9650,-0.13,1.09,-2.23,2.48
2021-03-04 17:28:24.9760,0.02,0.57,-1.97,2.05
2021-03-04 17:28:24.9860,0.25,-0.31,-1.5,1.55
2021-03-04 17:28:24.9950,0.36,-1.25,-1.0,1.64
2021-03-04 17:28:25.0050,0.21,-1.93,-0.69,2.06
2021-03-04 17:28:25.0160,-0.07,-2.31,-0.6,2.38
2021-03-04 17:28:25.0250,-0.28,-2.45,-0.63,2.54
2021-03-04 17:28:25.0360,-0.41,-2.33,-0.72,2.47
2021-03-04 17:28:25.0550,-0.48,-1.87,-0.83,2.1
2021-03-04 17:28:25.0570,-0.48,-1.23,-0.93,1.61
2021-03-04 17:28:25.0650,-0.49,-0.66,-0.94,1.24
2021-03-04 17:28:25.0750,-0.47,-0.23,-0.79,0.94
2021-03-04 17:28:25.0850,-0.39,-0.02,-0.59,0.7
2021-03-04 17:28:25.0950,-0.33,-0.03,-0.3,0.44
2021-03-04 17:28:25.1050,-0.24,-0.19,-0.09,0.31
2021-03-04 17:28:25.1150,-0.09,-0.4,0.0,0.41
2021-03-04 17:28:25.1250,0.07,-0.56,0.05,0.56
2021-03-04 17:28:25.1350,0.2,-0.63,0.12,0.67
2021-03-04 17:28:25.1530,0.24,-0.69,0.23,0.76
2021-03-04 17:28:25.1550,0.26,-0.77,0.31,0.86
2021-03-04 17:28:25.1640,0.24,-0.8,0.28,0.88
2021-03-04 17:28:25.1740,0.12,-0.75,0.24,0.79
2021-03-04 17:28:25.1840,-0.04,-0.65,0.17,0.67
2021-03-04 17:28:25.1940,-0.14,-0.51,0.04,0.53
2021-03-04 17:28:25.2040,-0.19,-0.35,-0.02,0.39
2021-03-04 17:28:25.2140,-0.27,-0.26,0.02,0.37
2021-03-04 17:28:25.2250,-0.3,-0.29,0.14,0.44
2021-03-04 17:28:25.2340,-0.37,-0.53,0.24,0.68
2021-03-04 17:28:25.2550,-0.34,-0.83,0.29,0.94
2021-03-04 17:28:25.2570,-0.28,-1.01,0.29,1.08
2021-03-04 17:28:25.2630,-0.25,-1.01,0.23,1.06
2021-03-04 17:28:25.2740,-0.34,-0.97,0.16,1.04
2021-03-04 17:28:25.2830,-0.39,-0.84,0.21,0.94
2021-03-04 17:28:25.2940,-0.34,-0.61,0.3,0.76
2021-03-04 17:28:25.3040,-0.31,-0.33,0.48,0.65
2021-03-04 17:28:25.3130,-0.39,-0.15,0.69,0.8
2021-03-04 17:28:25.3230,-0.46,-0.05,0.68,0.82
2021-03-04 17:28:25.3340,-0.52,0.06,0.52,0.73
2021-03-04 17:28:25.3540,-0.52,0.1,0.43,0.68
2021-03-04 17:28:25.3560,-0.57,0.09,0.36,0.68
2021-03-04 17:28:25.3630,-0.72,0.12,0.35,0.8
2021-03-04 17:28:25.3730,-0.82,0.19,0.43,0.94
2021-03-04 17:28:25.3830,-0.77,0.34,0.48,0.96
2021-03-04 17:28:25.3930,-0.88,0.53,0.49,1.13
2021-03-04 17:28:25.4030,-1.14,0.61,-0.01,1.29
2021-03-04 17:28:25.4130,-0.95,0.8,-1.26,1.76
2021-03-04 17:28:25.4230,-0.19,2.07,-2.51,3.25
2021-03-04 17:28:25.4330,-0.2,4.18,-2.57,4.91
2021-03-04 17:28:25.4530,-1.14,5.2,-2.33,5.81
2021-03-04 17:28:25.4550,-1.27,4.4,-2.33,5.13
2021-03-04 17:28:25.4620,-0.38,3.52,-2.62,4.4
2021-03-04 17:28:25.4720,0.22,3.08,-3.32,4.53
2021-03-04 17:28:25.4820,0.25,2.66,-3.99,4.8
2021-03-04 17:28:25.4920,0.55,1.89,-4.27,4.7
2021-03-04 17:28:25.5020,1.16,0.84,-3.85,4.1
2021-03-04 17:28:25.5120,1.85,-0.17,-3.16,3.66
2021-03-04 17:28:25.5220,2.14,-0.91,-2.64,3.51
2021-03-04 17:28:25.5320,1.99,-1.45,-2.23,3.32
2021-03-04 17:28:25.5520,1.51,-1.95,-1.68,2.98
2021-03-04 17:28:25.5540,0.97,-2.42,-1.23,2.88
2021-03-04 17:28:25.5620,0.48,-2.75,-0.88,2.92
2021-03-04 17:28:25.5710,0.1,-2.84,-0.72,2.93
2021-03-04 17:28:25.5820,-0.22,-2.73,-0.79,2.85
2021-03-04 17:28:25.5920,-0.45,-2.52,-1.03,2.75
2021-03-04 17:28:25.6010,-0.48,-2.17,-1.18,2.51
2021-03-04 17:28:25.6110,-0.45,-1.66,-1.25,2.12
2021-03-04 17:28:25.6220,-0.32,-1.01,-1.37,1.73
2021-03-04 17:28:25.6320,0.07,-0.27,-1.57,1.59
2021-03-04 17:28:25.6520,0.86,0.37,-1.71,1.94
2021-03-04 17:28:25.6540,1.64,0.71,-1.57,2.37
2021-03-04 17:28:25.6610,2.0,0.68,-1.32,2.49
2021-03-04 17:28:25.6710,2.0,0.42,-1.18,2.35
2021-03-04 17:28:25.6810,1.84,0.14,-1.2,2.2
2021-03-04 17:28:25.6910,1.61,-0.02,-1.22,2.02
2021-03-04 17:28:25.7010,1.31,-0.12,-1.31,1.85
2021-03-04 17:28:25.7110,1.11,-0.17,-1.49,1.86
2021-03-04 17:28:25.7210,0.88,-0.2,-1.47,1.72
2021-03-04 17:28:25.7310,0.6,-0.28,-1.3,1.45
2021-03-04 17:28:25.7510,0.36,-0.33,-1.07,1.17
2021-03-04 17:28:25.7530,0.12,-0.39,-1.01,1.08
2021-03-04 17:28:25.7600,0.05,-0.45,-1.09,1.18
2021-03-04 17:28:25.7700,0.15,-0.52,-1.03,1.16
2021-03-04 17:28:25.7800,0.35,-0.59,-0.73,1.0
2021-03-04 17:28:25.7900,0.44,-0.5,-0.31,0.73
2021-03-04 17:28:25.8000,0.37,-0.34,-0.06,0.5
2021-03-04 17:28:25.8110,0.2,-0.21,-0.13,0.31
2021-03-04 17:28:25.8210,0.05,-0.15,-0.39,0.42
2021-03-04 17:28:25.8300,0.02,-0.21,-0.66,0.69
2021-03-04 17:28:25.8510,0.14,-0.51,-0.9,1.04
2021-03-04 17:28:25.8520,0.38,-0.98,-1.07,1.49
2021-03-04 17:28:25.8600,0.63,-1.35,-1.06,1.82
2021-03-04 17:28:25.8700,0.81,-1.48,-0.86,1.89
2021-03-04 17:28:25.8800,0.94,-1.24,-0.67,1.69
2021-03-04 17:28:25.8890,0.86,-0.87,-0.49,1.31
2021-03-04 17:28:25.8990,0.69,-0.55,-0.42,0.97
2021-03-04 17:28:25.9100,0.55,-0.36,-0.46,0.8
2021-03-04 17:28:25.9200,0.41,-0.32,-0.48,0.7
2021-03-04 17:28:25.9290,0.29,-0.41,-0.43,0.66
2021-03-04 17:28:25.9500,0.25,-0.59,-0.41,0.76
2021-03-04 17:28:25.9520,0.27,-0.82,-0.51,1.0
2021-03-04 17:28:25.9590,0.34,-1.09,-0.62,1.29
2021-03-04 17:28:25.9690,0.45,-1.28,-0.72,1.53
2021-03-04 17:28:25.9790,0.56,-1.31,-0.68,1.57
2021-03-04 17:28:25.9890,0.65,-1.17,-0.61,1.47
2021-03-04 17:28:25.9990,0.74,-0.85,-0.53,1.24
2021-03-04 17:28:26.0090,0.82,-0.47,-0.41,1.03
2021-03-04 17:28:26.0190,0.8,-0.13,-0.34,0.87
2021-03-04 17:28:26.0280,0.7,0.08,-0.37,0.79
2021-03-04 17:28:26.0500,0.37,0.17,-0.45,0.6
2021-03-04 17:28:26.0520,0.23,0.05,-0.64,0.68
2021-03-04 17:28:26.0580,0.27,-0.2,-0.76,0.83
2021-03-04 17:28:26.0720,0.31,-0.45,-0.77,0.94
2021-03-04 17:28:26.0780,0.37,-0.57,-0.64,0.93
2021-03-04 17:28:26.0880,0.36,-0.52,-0.51,0.81
2021-03-04 17:28:26.0980,0.28,-0.41,-0.6,0.77
2021-03-04 17:28:26.1080,0.26,-0.35,-0.75,0.86
2021-03-04 17:28:26.1180,0.27,-0.24,-0.81,0.88
2021-03-04 17:28:26.1280,0.35,-0.03,-0.79,0.86
2021-03-04 17:28:26.1460,0.48,0.22,-0.72,0.89
2021-03-04 17:28:26.1480,0.51,0.46,-0.64,0.93
2021-03-04 17:28:26.1580,0.42,0.6,-0.61,0.95
2021-03-04 17:28:26.1680,0.38,0.64,-0.69,1.01
2021-03-04 17:28:26.1770,0.38,0.6,-0.78,1.05
2021-03-04 17:28:26.1880,0.36,0.5,-0.81,1.01
2021-03-04 17:28:26.1980,0.34,0.38,-0.78,0.93
2021-03-04 17:28:26.2080,0.3,0.26,-0.62,0.73
2021-03-04 17:28:26.2180,0.16,0.11,-0.38,0.42
2021-03-04 17:28:26.2270,-0.06,-0.03,-0.19,0.2
2021-03-04 17:28:26.2480,-0.24,-0.17,-0.18,0.34
2021-03-04 17:28:26.2500,-0.33,-0.31,-0.34,0.56
2021-03-04 17:28:26.2570,-0.33,-0.39,-0.5,0.71
2021-03-04 17:28:26.2670,-0.32,-0.33,-0.5,0.67
2021-03-04 17:28:26.2770,-0.35,-0.2,-0.41,0.57
2021-03-04 17:28:26.2870,-0.32,-0.03,-0.34,0.46
2021-03-04 17:28:26.2970,-0.22,0.14,-0.25,0.36
2021-03-04 17:28:26.3070,-0.1,0.26,-0.16,0.32
2021-03-04 17:28:26.3170,-0.04,0.32,-0.09,0.33
2021-03-04 17:28:26.3260,0.04,0.32,-0.08,0.33
2021-03-04 17:28:26.3470,0.19,0.3,-0.04,0.35
2021-03-04 17:28:26.3490,0.41,0.28,0.0,0.49
2021-03-04 17:28:26.3570,0.57,0.26,0.05,0.62
2021-03-04 17:28:26.3660,0.67,0.23,0.05,0.71
2021-03-04 17:28:26.3760,0.64,0.19,-0.04,0.66
2021-03-04 17:28:26.3860,0.54,0.1,-0.19,0.58
2021-03-04 17:28:26.3960,0.4,-0.04,-0.34,0.52
2021-03-04 17:28:26.4060,0.24,-0.16,-0.44,0.52
2021-03-04 17:28:26.4170,0.07,-0.24,-0.48,0.54
2021-03-04 17:28:26.4260,-0.08,-0.27,-0.46,0.53
2021-03-04 17:28:26.4460,-0.13,-0.21,-0.46,0.52
2021-03-04 17:28:26.4480,-0.14,-0.13,-0.42,0.46
2021-03-04 17:28:26.4560,-0.2,-0.04,-0.36,0.41
2021-03-04 17:28:26.4660,-0.22,0.01,-0.34,0.4
2021-03-04 17:28:26.4760,-0.23,-0.06,-0.36,0.43
2021-03-04 17:28:26.4860,-0.26,-0.21,-0.38,0.5
2021-03-04 17:28:26.4950,-0.3,-0.31,-0.34,0.54
2021-03-04 17:28:26.5060,-0.31,-0.32,-0.33,0.55
2021-03-04 17:28:26.5160,-0.29,-0.25,-0.38,0.53
2021-03-04 17:28:26.5250,-0.28,-0.17,-0.47,0.57
2021-03-04 17:28:26.5440,-0.26,-0.08,-0.44,0.51
2021-03-04 17:28:26.5460,-0.18,-0.01,-0.42,0.45
2021-03-04 17:28:26.5550,-0.14,-0.04,-0.45,0.47
2021-03-04 17:28:26.5650,-0.14,-0.09,-0.5,0.52
2021-03-04 17:28:26.5750,-0.1,-0.08,-0.52,0.53
2021-03-04 17:28:26.5850,0.04,-0.02,-0.48,0.48
2021-03-04 17:28:26.5950,0.17,0.11,-0.39,0.43
2021-03-04 17:28:26.6050,0.2,0.22,-0.22,0.36
2021-03-04 17:28:26.6150,0.13,0.26,-0.06,0.29
2021-03-04 17:28:26.6250,0.01,0.17,0.03,0.17
2021-03-04 17:28:26.6420,-0.12,0.07,0.07,0.15
2021-03-04 17:28:26.6440,-0.2,0.0,0.06,0.2
2021-03-04 17:28:26.6540,-0.21,-0.08,0.03,0.22
2021-03-04 17:28:26.6640,-0.23,-0.13,0.01,0.26
2021-03-04 17:28:26.6740,-0.22,-0.12,0.05,0.25
2021-03-04 17:28:26.6840,-0.22,-0.09,0.13,0.27
2021-03-04 17:28:26.6950,-0.26,-0.06,0.14,0.3
2021-03-04 17:28:26.7040,-0.27,-0.03,0.07,0.28
2021-03-04 17:28:26.7140,-0.28,0.0,-0.07,0.28
2021-03-04 17:28:26.7240,-0.3,0.06,-0.22,0.37
2021-03-04 17:28:26.7440,-0.25,0.13,-0.3,0.41
2021-03-04 17:28:26.7460,-0.2,0.17,-0.32,0.41
2021-03-04 17:28:26.7540,-0.16,0.24,-0.53,0.6
2021-03-04 17:28:26.7640,-0.17,0.28,-0.77,0.83
2021-03-04 17:28:26.7740,-0.18,0.19,-0.94,0.97
2021-03-04 17:28:26.7830,-0.16,0.1,-1.03,1.04
2021-03-04 17:28:26.7940,-0.09,-0.03,-0.75,0.75
2021-03-04 17:28:26.8040,-0.01,-0.25,-0.37,0.44
2021-03-04 17:28:26.8130,0.04,-0.46,-0.04,0.46
2021-03-04 17:28:26.8240,0.03,-0.52,0.26,0.58
2021-03-04 17:28:26.8430,-0.14,-0.36,0.42,0.57
2021-03-04 17:28:26.8450,-0.38,-0.12,0.45,0.6
2021-03-04 17:28:26.8530,-0.56,0.16,0.39,0.7
2021-03-04 17:28:26.8630,-0.63,0.35,0.32,0.78
2021-03-04 17:28:26.8730,-0.62,0.41,0.3,0.8
2021-03-04 17:28:26.8830,-0.5,0.32,0.51,0.78
2021-03-04 17:28:26.8930,-0.37,0.12,0.63,0.74
2021-03-04 17:28:26.9030,-0.24,-0.07,0.71,0.75
2021-03-04 17:28:26.9130,-0.07,-0.11,0.7,0.71
2021-03-04 17:28:26.9230,0.06,-0.06,0.61,0.61
2021-03-04 17:28:26.9430,0.11,0.03,0.51,0.52
2021-03-04 17:28:26.9450,0.09,0.08,0.39,0.4
2021-03-04 17:28:26.9530,0.09,0.13,0.27,0.31
2021-03-04 17:28:26.9620,0.12,0.16,0.21,0.28
2021-03-04 17:28:26.9720,0.21,0.09,0.21,0.31
2021-03-04 17:28:26.9820,0.31,0.04,0.24,0.39
2021-03-04 17:28:26.9920,0.43,-0.01,0.21,0.47
2021-03-04 17:28:27.0030,0.49,-0.08,0.17,0.52
2021-03-04 17:28:27.0120,0.47,-0.07,0.16,0.5
2021-03-04 17:28:27.0220,0.35,-0.03,0.15,0.38
2021-03-04 17:28:27.0430,0.23,0.02,0.19,0.29
2021-03-04 17:28:27.0440,0.17,0.01,0.16,0.23
2021-03-04 17:28:27.0520,0.12,-0.02,0.14,0.18
2021-03-04 17:28:27.0620,0.09,-0.09,0.26,0.28
2021-03-04 17:28:27.0720,0.07,-0.1,0.37,0.38
2021-03-04 17:28:27.0810,0.06,-0.06,0.41,0.41
2021-03-04 17:28:27.0910,0.05,0.05,0.41,0.41
2021-03-04 17:28:27.1020,-0.06,0.16,0.4,0.43
2021-03-04 17:28:27.1110,-0.18,0.25,0.34,0.45
2021-03-04 17:28:27.1210,-0.3,0.31,0.31,0.53
2021-03-04 17:28:27.1390,-0.35,0.27,0.31,0.53
2021-03-04 17:28:27.1410,-0.32,0.21,0.25,0.45
2021-03-04 17:28:27.1510,-0.26,0.13,0.25,0.38
2021-03-04 17:28:27.1610,-0.16,0.04,0.27,0.31
2021-03-04 17:28:27.1710,-0.04,-0.07,0.29,0.3
2021-03-04 17:28:27.1810,-0.01,-0.14,0.26,0.29
2021-03-04 17:28:27.1910,0.0,-0.19,0.2,0.27
2021-03-04 17:28:27.2010,0.04,-0.19,0.17,0.25
2021-03-04 17:28:27.2110,0.08,-0.18,0.12,0.23
2021-03-04 17:28:27.2210,0.06,-0.13,0.1,0.17
2021-03-04 17:28:27.2390,0.02,-0.05,0.13,0.14
2021-03-04 17:28:27.2410,-0.04,0.06,0.18,0.19
2021-03-04 17:28:27.2500,-0.08,0.12,0.23,0.27
2021-03-04 17:28:27.2600,-0.08,0.18,0.23,0.3
2021-03-04 17:28:27.2700,-0.11,0.25,0.2,0.33
2021-03-04 17:28:27.2800,-0.13,0.29,0.19,0.37
2021-03-04 17:28:27.2900,-0.13,0.27,0.2,0.36
2021-03-04 17:28:27.3010,-0.14,0.2,0.18,0.3
2021-03-04 17:28:27.3100,-0.18,0.11,0.13,0.24
2021-03-04 17:28:27.3200,-0.22,0.08,0.07,0.24
2021-03-04 17:28:27.3380,-0.23,0.08,0.02,0.24
2021-03-04 17:28:27.3400,-0.2,0.07,0.02,0.21
2021-03-04 17:28:27.3500,-0.15,0.03,0.05,0.16
2021-03-04 17:28:27.3600,-0.11,-0.02,0.07,0.13
2021-03-04 17:28:27.3690,-0.08,0.02,0.0,0.08
2021-03-04 17:28:27.3800,-0.14,0.09,-0.15,0.22
2021-03-04 17:28:27.3900,-0.2,0.17,-0.25,0.36
2021-03-04 17:28:27.3990,-0.23,0.2,-0.31,0.43
2021-03-04 17:28:27.4100,-0.26,0.2,-0.37,0.49
2021-03-04 17:28:27.4190,-0.25,0.2,-0.41,0.52
2021-03-04 17:28:27.4380,-0.23,0.23,-0.42,0.53
2021-03-04 17:28:27.4400,-0.25,0.27,-0.44,0.57
2021-03-04 17:28:27.4490,-0.24,0.29,-0.41,0.55
2021-03-04 17:28:27.4590,-0.21,0.25,-0.31,0.45
2021-03-04 17:28:27.4690,-0.13,0.23,-0.34,0.43
2021-03-04 17:28:27.4790,-0.18,0.17,-0.3,0.38
2021-03-04 17:28:27.4890,-0.23,0.04,-0.25,0.34
2021-03-04 17:28:27.4990,-0.22,-0.01,-0.22,0.31
2021-03-04 17:28:27.5090,-0.14,-0.01,-0.16,0.21
2021-03-04 17:28:27.5190,0.16,-0.04,-0.11,0.19
2021-03-04 17:28:27.5390,0.31,0.01,0.0,0.31
2021-03-04 17:28:27.5400,0.25,-0.06,0.05,0.26
2021-03-04 17:28:27.5480,-0.01,-0.03,-0.03,0.04
2021-03-04 17:28:27.5580,-0.37,0.05,-0.11,0.38
2021-03-04 17:28:27.5680,-0.35,-0.01,-0.27,0.44
2021-03-04 17:28:27.5780,0.03,-0.12,-0.14,0.18
2021-03-04 17:28:27.5880,0.35,-0.16,0.07,0.39
2021-03-04 17:28:27.5980,0.31,-0.18,0.06,0.36
2021-03-04 17:28:27.6080,-0.2,-0.16,0.07,0.26
2021-03-04 17:28:27.6180,0.34,-0.35,-0.27,0.55
2021-03-04 17:28:27.6380,0.56,-0.54,-0.51,0.93
2021-03-04 17:28:27.6400,0.46,-0.23,-0.62,0.8
2021-03-04 17:28:27.6480,0.45,0.15,-0.54,0.71
2021-03-04 17:28:27.6580,0.29,0.32,-0.43,0.6
2021-03-04 17:28:27.6680,-0.56,0.24,-0.14,0.62
2021-03-04 17:28:27.6770,-2.44,0.4,0.04,2.47
2021-03-04 17:28:27.6880,-0.27,0.13,-0.55,0.62
2021-03-04 17:28:27.6970,1.62,-0.52,-0.93,1.93
2021-03-04 17:28:27.7080,0.51,-0.65,-0.76,1.12
2021-03-04 17:28:27.7180,0.14,-0.35,-0.27,0.46
2021-03-04 17:28:27.7380,-0.07,-0.11,-0.13,0.18
2021-03-04 17:28:27.7390,-0.15,-0.02,-0.17,0.22
2021-03-04 17:28:27.7470,-0.19,0.12,-0.21,0.3
2021-03-04 17:28:27.7570,-0.16,0.18,-0.27,0.36
2021-03-04 17:28:27.7670,-0.2,0.09,-0.23,0.31
2021-03-04 17:28:27.7770,-0.11,0.0,-0.16,0.19
2021-03-04 17:28:27.7870,-0.07,0.03,-0.17,0.18
2021-03-04 17:28:27.7970,-0.09,0.01,-0.24,0.25
2021-03-04 17:28:27.8070,-0.01,-0.07,-0.18,0.19
2021-03-04 17:28:27.8170,0.03,-0.1,0.0,0.1
2021-03-04 17:28:27.8370,0.11,-0.11,0.12,0.19
2021-03-04 17:28:27.8390,0.2,-0.15,0.17,0.3
2021-03-04 17:28:27.8460,0.23,-0.11,0.15,0.29
2021-03-04 17:28:27.8570,0.22,-0.05,0.01,0.22
2021-03-04 17:28:27.8660,0.19,-0.01,-0.17,0.25
2021-03-04 17:28:27.8760,0.16,0.07,-0.33,0.37
2021-03-04 17:28:27.8870,0.11,0.15,-0.27,0.32
2021-03-04 17:28:27.8960,0.07,0.12,-0.19,0.23
2021-03-04 17:28:27.9060,0.07,0.03,-0.18,0.19
2021-03-04 17:28:27.9160,0.12,-0.1,-0.05,0.16
2021-03-04 17:28:27.9360,0.18,-0.2,0.08,0.28
2021-03-04 17:28:27.9380,0.2,-0.23,0.14,0.33
2021-03-04 17:28:27.9460,0.15,-0.2,0.12,0.27
2021-03-04 17:28:27.9560,0.06,-0.09,0.05,0.11
2021-03-04 17:28:27.9660,0.01,0.1,-0.01,0.1
2021-03-04 17:28:27.9760,-0.04,0.24,0.03,0.24
2021-03-04 17:28:27.9850,-0.08,0.22,0.06,0.24
2021-03-04 17:28:27.9950,-0.09,0.13,0.07,0.17
2021-03-04 17:28:28.0050,-0.07,0.03,0.07,0.1
2021-03-04 17:28:28.0150,-0.03,0.0,0.03,0.04
2021-03-04 17:28:28.0320,0.01,0.05,-0.01,0.05
2021-03-04 17:28:28.0350,-0.03,0.07,0.02,0.07
2021-03-04 17:28:28.0450,0.01,0.09,0.1,0.13
2021-03-04 17:28:28.0550,-0.01,0.18,0.15,0.23
2021-03-04 17:28:28.0650,-0.08,0.04,0.16,0.18
2021-03-04 17:28:28.0750,-0.19,-0.16,0.26,0.35
2021-03-04 17:28:28.0850,-0.09,-0.31,0.24,0.4
2021-03-04 17:28:28.0950,-0.09,-0.28,0.21,0.36
2021-03-04 17:28:28.1050,-0.19,-0.08,0.21,0.29
2021-03-04 17:28:28.1150,-0.24,0.12,0.11,0.28
2021-03-04 17:28:28.1340,-0.22,0.31,-0.07,0.38
2021-03-04 17:28:28.1360,-0.11,0.44,-0.24,0.51
2021-03-04 17:28:28.1440,0.02,0.39,-0.21,0.44
2021-03-04 17:28:28.1540,-0.06,0.22,-0.02,0.22
2021-03-04 17:28:28.1640,-0.17,-0.03,0.12,0.21
2021-03-04 17:28:28.1740,-0.26,-0.19,0.18,0.36
2021-03-04 17:28:28.1840,-0.32,-0.22,0.25,0.46
2021-03-04 17:28:28.1950,-0.31,-0.1,0.27,0.42
2021-03-04 17:28:28.2040,-0.33,0.07,0.18,0.38
2021-03-04 17:28:28.2140,-0.32,0.21,0.0,0.38
2021-03-04 17:28:28.2350,-0.15,0.22,-0.13,0.29
2021-03-04 17:28:28.2370,0.01,0.2,-0.1,0.22
2021-03-04 17:28:28.2430,0.18,0.07,0.03,0.19
2021-03-04 17:28:28.2540,0.31,-0.09,0.18,0.36
2021-03-04 17:28:28.2640,0.5,-0.27,0.27,0.62
2021-03-04 17:28:28.2740,0.51,-0.34,0.31,0.68
2021-03-04 17:28:28.2830,0.38,-0.18,0.29,0.51
2021-03-04 17:28:28.2930,0.2,0.04,0.17,0.26
2021-03-04 17:28:28.3040,0.11,0.19,0.0,0.21
2021-03-04 17:28:28.3130,0.06,0.25,-0.16,0.3
2021-03-04 17:28:28.3340,0.05,0.26,-0.24,0.35
2021-03-04 17:28:28.3360,0.02,0.2,-0.21,0.29
2021-03-04 17:28:28.3430,0.01,0.06,-0.12,0.13
2021-03-04 17:28:28.3530,0.0,-0.07,-0.02,0.07
2021-03-04 17:28:28.3630,-0.03,-0.18,0.06,0.19
2021-03-04 17:28:28.3730,-0.07,-0.21,0.09,0.23
2021-03-04 17:28:28.3830,-0.16,-0.13,0.04,0.21
2021-03-04 17:28:28.3930,-0.23,0.05,0.0,0.23
2021-03-04 17:28:28.4030,-0.29,0.21,-0.06,0.36
2021-03-04 17:28:28.4120,-0.29,0.27,-0.12,0.41
2021-03-04 17:28:28.4310,-0.22,0.27,-0.09,0.35
2021-03-04 17:28:28.4330,-0.15,0.21,-0.03,0.25
2021-03-04 17:28:28.4420,-0.07,0.14,0.0,0.15
2021-03-04 17:28:28.4520,0.0,0.05,0.04,0.06
2021-03-04 17:28:28.4620,0.04,-0.06,0.12,0.13
2021-03-04 17:28:28.4720,0.02,-0.07,0.18,0.19
2021-03-04 17:28:28.4820,0.01,-0.03,0.21,0.21
2021-03-04 17:28:28.4920,-0.05,0.06,0.19,0.2
2021-03-04 17:28:28.5020,-0.01,0.13,0.16,0.2
2021-03-04 17:28:28.5120,0.03,0.13,0.1,0.16
2021-03-04 17:28:28.5310,0.04,0.07,0.03,0.08
2021-03-04 17:28:28.5320,0.04,0.04,-0.03,0.06
2021-03-04 17:28:28.5420,0.04,0.06,-0.09,0.11
2021-03-04 17:28:28.5520,0.03,0.1,-0.13,0.16
2021-03-04 17:28:28.5620,0.05,0.2,-0.15,0.25
2021-03-04 17:28:28.5710,0.12,0.26,-0.12,0.31
2021-03-04 17:28:28.5810,0.16,0.2,0.01,0.25
2021-03-04 17:28:28.5920,0.24,0.02,0.2,0.31
2021-03-04 17:28:28.6010,0.26,-0.17,0.37,0.48
2021-03-04 17:28:28.6110,0.32,-0.19,0.39,0.53
2021-03-04 17:28:28.6320,0.33,-0.17,0.39,0.53
2021-03-04 17:28:28.6350,0.19,-0.09,0.44,0.48
2021-03-04 17:28:28.6410,-0.01,0.0,0.4,0.4
2021-03-04 17:28:28.6510,-0.14,0.03,0.29,0.32
2021-03-04 17:28:28.6610,-0.25,0.1,0.21,0.34
2021-03-04 17:28:28.6710,-0.28,0.17,0.12,0.34
2021-03-04 17:28:28.6810,-0.25,0.19,0.06,0.31
2021-03-04 17:28:28.6910,-0.18,0.16,0.01,0.24
2021-03-04 17:28:28.7010,-0.05,0.12,0.0,0.13
2021-03-04 17:28:28.7110,0.06,0.06,0.04,0.09
2021-03-04 17:28:28.7310,0.12,0.06,0.03,0.13
2021-03-04 17:28:28.7330,0.12,0.03,0.02,0.12
2021-03-04 17:28:28.7400,0.09,-0.02,0.02,0.09
2021-03-04 17:28:28.7500,0.06,-0.08,0.02,0.1
2021-03-04 17:28:28.7600,0.09,-0.08,-0.01,0.12
2021-03-04 17:28:28.7700,0.04,-0.17,-0.18,0.25
2021-03-04 17:28:28.7800,-0.13,-0.15,-0.19,0.27
2021-03-04 17:28:28.7900,0.07,0.06,-0.15,0.17
2021-03-04 17:28:28.8000,0.34,0.08,-0.15,0.38
2021-03-04 17:28:28.8100,0.45,-0.03,-0.09,0.45
2021-03-04 17:28:28.8290,0.44,0.08,-0.01,0.44
2021-03-04 17:28:28.8310,0.35,0.17,0.02,0.38
2021-03-04 17:28:28.8390,0.21,0.06,-0.02,0.21
2021-03-04 17:28:28.8500,0.03,0.07,-0.05,0.09
2021-03-04 17:28:28.8590,-0.07,0.06,-0.1,0.13
2021-03-04 17:28:28.8690,-0.1,-0.06,-0.15,0.19
2021-03-04 17:28:28.8790,-0.06,-0.09,-0.1,0.14
2021-03-04 17:28:28.8900,-0.01,-0.08,-0.07,0.1
2021-03-04 17:28:28.9000,0.04,-0.03,-0.08,0.09
2021-03-04 17:28:28.9090,0.15,0.02,-0.07,0.16
2021-03-04 17:28:28.9280,0.25,0.06,-0.06,0.26
2021-03-04 17:28:28.9310,0.23,0.08,-0.09,0.25
2021-03-04 17:28:28.9390,0.11,0.03,-0.1,0.15
2021-03-04 17:28:28.9490,-0.08,-0.05,-0.1,0.13
2021-03-04 17:28:28.9590,-0.28,-0.07,-0.07,0.29
2021-03-04 17:28:28.9690,-0.42,-0.08,-0.04,0.42
2021-03-04 17:28:28.9790,-0.48,0.0,-0.05,0.48
2021-03-04 17:28:28.9890,-0.46,0.06,-0.08,0.47
2021-03-04 17:28:28.9990,-0.31,0.06,-0.08,0.32
2021-03-04 17:28:29.0090,-0.12,0.05,-0.08,0.15
2021-03-04 17:28:29.0270,0.04,0.08,-0.08,0.12
2021-03-04 17:28:29.0290,0.1,0.11,-0.06,0.16
2021-03-04 17:28:29.0380,0.08,0.07,-0.08,0.13
2021-03-04 17:28:29.0480,-0.01,0.03,-0.12,0.12
2021-03-04 17:28:29.0580,-0.08,-0.03,-0.16,0.18
2021-03-04 17:28:29.0680,-0.09,-0.1,-0.16,0.2
2021-03-04 17:28:29.0780,-0.03,-0.14,-0.1,0.17
2021-03-04 17:28:29.0880,0.05,-0.09,-0.03,0.1
2021-03-04 17:28:29.0980,0.15,-0.03,0.01,0.15
2021-03-04 17:28:29.1080,0.24,0.02,0.01,0.24
2021-03-04 17:28:29.1260,0.27,0.06,-0.02,0.27
2021-03-04 17:28:29.1280,0.2,0.1,-0.04,0.22
2021-03-04 17:28:29.1380,0.1,0.14,-0.03,0.17
2021-03-04 17:28:29.1480,-0.01,0.14,-0.03,0.14
2021-03-04 17:28:29.1580,-0.09,0.07,-0.02,0.11
2021-03-04 17:28:29.1680,-0.13,0.0,0.01,0.13
2021-03-04 17:28:29.1780,-0.11,-0.03,0.01,0.11
2021-03-04 17:28:29.1880,-0.09,-0.03,0.02,0.09
2021-03-04 17:28:29.1970,-0.08,-0.02,0.03,0.08
2021-03-04 17:28:29.2070,-0.06,0.0,0.03,0.06
2021-03-04 17:28:29.2250,-0.05,0.05,0.02,0.07
2021-03-04 17:28:29.2270,0.02,0.07,0.01,0.07
2021-03-04 17:28:29.2370,0.05,0.08,-0.02,0.09
2021-03-04 17:28:29.2470,0.08,0.08,-0.04,0.12
2021-03-04 17:28:29.2570,0.1,0.06,-0.06,0.13
2021-03-04 17:28:29.2670,0.09,0.04,-0.07,0.12
2021-03-04 17:28:29.2770,0.08,0.01,-0.09,0.12
2021-03-04 17:28:29.2870,0.05,-0.01,-0.06,0.07
2021-03-04 17:28:29.2970,0.06,0.0,0.0,0.06
2021-03-04 17:28:29.3070,0.09,-0.01,0.04,0.09
2021-03-04 17:28:29.3260,0.09,0.03,0.05,0.1
2021-03-04 17:28:29.3280,0.07,0.04,0.03,0.08
2021-03-04 17:28:29.3360,0.05,0.06,-0.02,0.08
2021-03-04 17:28:29.3460,0.03,0.02,-0.08,0.08
2021-03-04 17:28:29.3560,0.0,-0.01,-0.15,0.15
2021-03-04 17:28:29.3660,-0.02,-0.03,-0.15,0.15
2021-03-04 17:28:29.3770,-0.06,0.03,-0.05,0.08
2021-03-04 17:28:29.3860,-0.11,0.06,0.11,0.16
2021-03-04 17:28:29.3960,-0.09,0.03,0.22,0.23
2021-03-04 17:28:29.4060,-0.05,0.0,0.25,0.25
2021-03-04 17:28:29.4260,-0.04,0.01,0.2,0.2
2021-03-04 17:28:29.4280,-0.08,0.02,0.11,0.13
2021-03-04 17:28:29.4360,-0.12,0.04,0.07,0.14
2021-03-04 17:28:29.4460,-0.14,0.0,0.1,0.17
2021-03-04 17:28:29.4550,-0.13,-0.01,0.1,0.16
2021-03-04 17:28:29.4650,-0.16,0.05,0.08,0.18
2021-03-04 17:28:29.4760,-0.14,0.03,0.04,0.14
2021-03-04 17:28:29.4860,-0.12,0.05,0.01,0.13
2021-03-04 17:28:29.4950,-0.1,0.06,-0.06,0.13
2021-03-04 17:28:29.5060,-0.06,0.08,-0.03,0.1
2021-03-04 17:28:29.5280,0.01,0.16,-0.01,0.16
2021-03-04 17:28:29.5290,0.04,0.17,-0.03,0.17
2021-03-04 17:28:29.5350,0.01,0.06,-0.02,0.06
2021-03-04 17:28:29.5450,0.01,-0.09,0.0,0.09
2021-03-04 17:28:29.5550,-0.05,-0.16,0.03,0.17
2021-03-04 17:28:29.5650,-0.06,-0.16,0.08,0.18
2021-03-04 17:28:29.5750,-0.03,-0.06,0.09,0.11
2021-03-04 17:28:29.5850,0.0,0.09,0.1,0.13
2021-03-04 17:28:29.5950,0.05,0.23,0.09,0.25
2021-03-04 17:28:29.6050,0.11,0.36,0.04,0.37
